Daily Time Spent on Site,Age,Area Income,Daily Internet Usage,Ad Topic Line,City,Male,Country,Timestamp,Clicked on Ad
52.4724071308418,64,56378,96.0562098095065,Flash Deal,Chicago,1,Germany,2024-01-01 00:00:00,0
87.042858384595,29,24255,273.497427501968,Sale Discount,Los Angeles,0,Canada,2024-01-01 01:00:00,0
73.9196365086843,33,34484,213.573138081241,Flash Deal,Chicago,1,UK,2024-01-01 02:00:00,1
65.9195090518222,41,145703,88.0260708055682,Limited Offer,Chicago,1,Germany,2024-01-01 03:00:00,0
39.3611184265462,36,76549,160.080854592087,Sale Discount,Houston,0,UK,2024-01-01 04:00:00,0
39.3596712201722,25,54503,203.824506267451,Sale Discount,New York,1,Germany,2024-01-01 05:00:00,1
33.485016730092,48,144465,70.8660212473458,Limited Offer,Chicago,1,USA,2024-01-01 06:00:00,0
81.9705687464961,38,93794,270.604092101835,Limited Offer,San Francisco,1,France,2024-01-01 07:00:00,1
66.0669007045925,34,145941,250.900883860384,Flash Deal,San Francisco,1,UK,2024-01-01 08:00:00,0
72.4843546677627,40,126283,176.30169339416,Flash Deal,Houston,1,Germany,2024-01-01 09:00:00,0
31.2350696577482,54,120732,291.781653814793,Limited Offer,New York,1,France,2024-01-01 10:00:00,0
88.1945911297197,33,65113,154.440244818775,Flash Deal,New York,0,UK,2024-01-01 11:00:00,1
79.9465584480253,23,125730,296.027579759125,Limited Offer,San Francisco,1,Canada,2024-01-01 12:00:00,1
42.7403466406966,25,94069,216.979999700907,Sale Discount,Los Angeles,0,Germany,2024-01-01 13:00:00,1
40.909498032426,42,118117,208.667818313485,Sale Discount,Houston,0,Canada,2024-01-01 14:00:00,1
41.004270591206,35,25249,91.4887238239463,New Launch,Houston,0,USA,2024-01-01 15:00:00,0
48.2545345775723,42,145654,270.481939576161,Sale Discount,San Francisco,0,Canada,2024-01-01 16:00:00,1
61.4853858979343,29,139979,156.872421980154,Limited Offer,San Francisco,1,Canada,2024-01-01 17:00:00,1
55.9167011185269,32,39201,90.5583514456199,Flash Deal,Los Angeles,1,Germany,2024-01-01 18:00:00,1
47.4737484118825,43,145541,53.1518799939398,New Launch,Los Angeles,1,USA,2024-01-01 19:00:00,0
66.7111736833428,58,78576,189.938920909596,Flash Deal,New York,0,Canada,2024-01-01 20:00:00,0
38.3696316391225,62,138562,181.849905530669,Limited Offer,Houston,1,France,2024-01-01 21:00:00,1
47.5286789121131,43,145281,229.83840559229,Sale Discount,Houston,1,UK,2024-01-01 22:00:00,1
51.9817105976215,64,29686,272.564513254451,New Launch,San Francisco,1,Canada,2024-01-01 23:00:00,0
57.3641990530222,49,132413,69.8516461607574,Limited Offer,New York,0,USA,2024-01-02 00:00:00,1
77.1105576835808,27,73363,232.874122585091,New Launch,Houston,0,Canada,2024-01-02 01:00:00,1
41.9804269295016,33,117543,96.8529860243956,New Launch,New York,1,UK,2024-01-02 02:00:00,1
60.8540663048167,24,20661,264.544263289291,Sale Discount,New York,0,USA,2024-01-02 03:00:00,1
65.5448741317226,34,64843,254.765878465414,Limited Offer,San Francisco,0,Germany,2024-01-02 04:00:00,0
32.7870247631999,40,115673,185.198438746386,Flash Deal,New York,1,USA,2024-01-02 05:00:00,0
66.4526911140863,43,80963,227.560699655828,New Launch,Los Angeles,0,Germany,2024-01-02 06:00:00,0
40.2314474212375,38,133092,128.587528295937,New Launch,Los Angeles,0,USA,2024-01-02 07:00:00,1
33.9030955791168,39,62828,167.791974733204,Flash Deal,Chicago,1,UK,2024-01-02 08:00:00,1
86.9331322352,24,68604,255.409224427618,Limited Offer,San Francisco,0,UK,2024-01-02 09:00:00,0
87.9379219844736,31,30526,164.816299293304,New Launch,Chicago,0,USA,2024-01-02 10:00:00,0
78.5038408869877,32,88910,139.44956633136,New Launch,Los Angeles,0,Canada,2024-01-02 11:00:00,0
48.2768261504022,24,45592,173.553111812575,New Launch,Chicago,0,UK,2024-01-02 12:00:00,1
35.860326840383,26,48982,257.062313109305,Limited Offer,San Francisco,0,Germany,2024-01-02 13:00:00,0
71.0539815907294,68,20207,133.802011842718,Limited Offer,San Francisco,0,Germany,2024-01-02 14:00:00,1
56.4091496243761,65,120969,93.440398283936,Flash Deal,New York,0,France,2024-01-02 15:00:00,1
37.3222940906867,25,137181,228.003505082695,Limited Offer,Houston,0,Germany,2024-01-02 16:00:00,0
59.7106146066762,67,108733,256.494553177021,Limited Offer,New York,1,France,2024-01-02 17:00:00,0
32.0633112669131,40,118936,75.1593696308833,Sale Discount,San Francisco,1,USA,2024-01-02 18:00:00,1
84.5592241247269,46,144982,109.968528188986,Flash Deal,Los Angeles,1,USA,2024-01-02 19:00:00,0
45.526798896001,35,145839,85.4929974402485,New Launch,Los Angeles,1,USA,2024-01-02 20:00:00,0
69.7513370612389,48,88619,136.985352895542,Limited Offer,New York,0,Canada,2024-01-02 21:00:00,1
48.7026645653647,47,49328,162.587744726353,New Launch,San Francisco,1,Canada,2024-01-02 22:00:00,1
61.2040812706687,69,66479,237.206584240827,New Launch,Los Angeles,1,France,2024-01-02 23:00:00,1
62.8026167605968,56,128427,212.786896220419,Sale Discount,San Francisco,0,Germany,2024-01-03 00:00:00,1
41.0912673315316,52,40103,205.232141869608,Limited Offer,Los Angeles,0,Germany,2024-01-03 01:00:00,1
88.1750776658735,35,59891,138.093736652414,Flash Deal,San Francisco,0,USA,2024-01-03 02:00:00,0
76.5079694016669,59,30754,260.36188827119,Limited Offer,Chicago,0,UK,2024-01-03 03:00:00,1
86.3699364938514,56,119983,167.821791849541,New Launch,San Francisco,0,Canada,2024-01-03 04:00:00,1
83.6896410256589,34,101437,294.776234503789,Flash Deal,San Francisco,1,Canada,2024-01-03 05:00:00,1
65.8739987286651,31,118540,208.535534573934,Limited Offer,New York,0,USA,2024-01-03 06:00:00,0
85.312454101387,48,92982,81.5661853911257,New Launch,Chicago,1,Canada,2024-01-03 07:00:00,1
35.3095501231152,41,122747,219.044390518859,New Launch,Houston,1,USA,2024-01-03 08:00:00,1
41.7589717451487,52,75922,131.276003857925,Sale Discount,New York,0,France,2024-01-03 09:00:00,1
32.7136373346323,61,68231,221.581799171524,Sale Discount,Houston,1,Germany,2024-01-03 10:00:00,0
49.5198198457959,62,49301,67.4102870406014,Sale Discount,Los Angeles,1,UK,2024-01-03 11:00:00,1
53.3206373813689,51,111652,93.7203592939898,New Launch,Houston,0,Germany,2024-01-03 12:00:00,1
46.2809419064338,20,140787,263.934314726447,Limited Offer,San Francisco,1,Germany,2024-01-03 13:00:00,1
79.7242505491158,54,146823,106.794889255879,Sale Discount,Houston,1,France,2024-01-03 14:00:00,0
51.4051996016154,60,82711,259.260281310735,Limited Offer,New York,1,Canada,2024-01-03 15:00:00,0
46.8560705812429,57,61323,119.819022113603,Sale Discount,New York,0,UK,2024-01-03 16:00:00,0
62.5617649894949,43,38752,210.720477514677,Flash Deal,Houston,0,Canada,2024-01-03 17:00:00,0
38.4554534984858,40,117912,223.537643377458,Flash Deal,New York,0,Germany,2024-01-03 18:00:00,1
78.1318188452424,61,102205,178.163688286263,Sale Discount,New York,1,USA,2024-01-03 19:00:00,1
34.4730386207863,56,118452,126.327669174183,New Launch,Houston,0,Germany,2024-01-03 20:00:00,0
89.213216196031,32,33395,103.161094092774,Sale Discount,Chicago,1,Canada,2024-01-03 21:00:00,0
76.3346861577994,66,105957,58.2973386406066,Sale Discount,Chicago,0,Germany,2024-01-03 22:00:00,1
41.9229408920504,21,141237,125.986600310181,New Launch,Los Angeles,1,USA,2024-01-03 23:00:00,1
30.3313270274161,46,76273,213.290697632821,Flash Deal,New York,0,France,2024-01-04 00:00:00,0
78.9276857072901,39,147431,284.576204612121,Limited Offer,Houston,0,Canada,2024-01-04 01:00:00,0
72.411440630857,42,111878,267.801120565763,Sale Discount,New York,1,Germany,2024-01-04 02:00:00,0
73.7404300824592,30,24895,241.516194133826,New Launch,San Francisco,0,Canada,2024-01-04 03:00:00,0
76.2762208011567,35,139968,247.111835813325,Sale Discount,New York,1,France,2024-01-04 04:00:00,1
34.4426791040454,50,135700,216.246225868999,New Launch,New York,0,Germany,2024-01-04 05:00:00,0
51.5079437126564,33,96559,115.071714391501,Limited Offer,Chicago,0,Germany,2024-01-04 06:00:00,0
36.9521435715078,62,30699,276.798757676458,Limited Offer,Houston,1,Canada,2024-01-04 07:00:00,1
81.7862055525356,59,85061,217.683077976459,Flash Deal,New York,1,Canada,2024-01-04 08:00:00,1
67.3978876096535,61,29715,190.11015774511,New Launch,Chicago,1,USA,2024-01-04 09:00:00,1
49.853881491159,19,39169,77.7473673033703,New Launch,Los Angeles,0,France,2024-01-04 10:00:00,1
33.8135010171614,52,145436,161.763885951606,Flash Deal,Chicago,1,USA,2024-01-04 11:00:00,1
48.6589393029397,59,138413,165.089567800482,Flash Deal,Chicago,0,Germany,2024-01-04 12:00:00,0
49.5109993216048,51,36163,266.140902380668,New Launch,Chicago,1,Canada,2024-01-04 13:00:00,0
73.7763707002839,47,139264,186.662055046947,Flash Deal,New York,1,Germany,2024-01-04 14:00:00,0
68.2534482813128,30,25782,145.100137242602,Limited Offer,New York,1,Germany,2024-01-04 15:00:00,1
83.2327645545796,30,108177,294.200082127665,Sale Discount,Los Angeles,1,UK,2024-01-04 16:00:00,0
58.332895509717,35,149772,77.6801483315789,Limited Offer,San Francisco,1,UK,2024-01-04 17:00:00,1
37.1756547562981,49,144481,155.637107077986,Flash Deal,San Francisco,1,Germany,2024-01-04 18:00:00,0
72.7946872333797,49,104328,60.5061687928513,New Launch,San Francisco,0,Canada,2024-01-04 19:00:00,0
75.6471029170139,52,135028,234.976030191733,New Launch,Los Angeles,1,Germany,2024-01-04 20:00:00,1
63.6766318541698,56,55585,279.519138049788,Limited Offer,San Francisco,0,UK,2024-01-04 21:00:00,1
76.2580307972737,63,50682,120.009332387622,New Launch,San Francisco,1,Canada,2024-01-04 22:00:00,0
59.6277357818634,69,67864,264.58541919978,Flash Deal,Chicago,1,Germany,2024-01-04 23:00:00,0
61.3639697629196,46,149992,123.054557615474,Limited Offer,New York,1,France,2024-01-05 00:00:00,0
55.652461101513,66,104416,277.692540410979,New Launch,New York,0,France,2024-01-05 01:00:00,0
31.5251476046457,46,75114,238.490475899196,Sale Discount,Chicago,0,Germany,2024-01-05 02:00:00,0
36.4734856195983,61,147810,251.22669421036,Sale Discount,Chicago,1,Canada,2024-01-05 03:00:00,1
31.8857511412041,33,58067,54.5016389001136,Flash Deal,Chicago,0,Germany,2024-01-05 04:00:00,1
68.1846246758268,61,62685,290.702589268507,New Launch,New York,1,Germany,2024-01-05 05:00:00,1
48.8613588645796,64,142262,231.667748017581,Flash Deal,San Francisco,1,UK,2024-01-05 06:00:00,1
60.5142414698822,27,38073,126.187773846533,Limited Offer,Chicago,0,France,2024-01-05 07:00:00,0
84.4539884355656,47,56035,257.348666214712,Sale Discount,Los Angeles,0,UK,2024-01-05 08:00:00,0
44.9575337489325,42,84977,120.380299603733,Limited Offer,Chicago,0,UK,2024-01-05 09:00:00,1
54.6229753821378,56,122710,268.188459891532,New Launch,Houston,0,Germany,2024-01-05 10:00:00,0
75.3330683125829,37,110373,78.1450976029843,Flash Deal,Chicago,1,UK,2024-01-05 11:00:00,1
43.7278899294974,22,103362,225.921494365199,Flash Deal,New York,0,France,2024-01-05 12:00:00,0
34.6187945897276,18,110517,185.174619161228,Flash Deal,Chicago,0,UK,2024-01-05 13:00:00,0
47.3850871748261,47,85450,74.1336175488602,Limited Offer,Houston,1,France,2024-01-05 14:00:00,0
39.6732772352403,66,30382,110.47345706471,Sale Discount,Los Angeles,0,UK,2024-01-05 15:00:00,1
85.7818591405544,20,24437,53.1010090693287,Limited Offer,San Francisco,0,France,2024-01-05 16:00:00,1
78.487222773865,62,90971,167.191991366126,Limited Offer,Chicago,0,UK,2024-01-05 17:00:00,1
68.0042253906254,31,84612,125.31631519,New Launch,Houston,0,UK,2024-01-05 18:00:00,1
82.2876354112631,47,110355,199.58937107444,New Launch,Houston,1,Canada,2024-01-05 19:00:00,0
78.2203246139469,67,81929,124.309451927154,New Launch,Los Angeles,1,France,2024-01-05 20:00:00,0
41.1942035331622,21,122411,124.979777876746,Sale Discount,New York,0,France,2024-01-05 21:00:00,0
83.5535399093987,35,117518,235.798299682901,Sale Discount,Chicago,0,France,2024-01-05 22:00:00,0
62.360534514939,54,118864,62.0357089945884,New Launch,Houston,1,USA,2024-01-05 23:00:00,1
78.4464093098437,42,32329,275.723748797997,New Launch,Los Angeles,0,UK,2024-01-06 00:00:00,0
83.7654779954096,65,145605,263.065968597795,Sale Discount,San Francisco,0,France,2024-01-06 01:00:00,0
49.0802084983118,18,45169,216.951170806602,Flash Deal,Houston,0,USA,2024-01-06 02:00:00,0
36.6031154716606,63,107468,198.305392526846,Sale Discount,Los Angeles,0,Canada,2024-01-06 03:00:00,1
43.6761097525165,32,54594,273.075624534913,Sale Discount,New York,0,France,2024-01-06 04:00:00,1
55.6264673175754,26,96957,96.3325448821786,Sale Discount,New York,0,France,2024-01-06 05:00:00,1
79.0808859553496,32,80631,69.7422905477072,New Launch,Houston,0,USA,2024-01-06 06:00:00,0
81.6438349953806,66,65033,109.877542477385,Flash Deal,Houston,0,UK,2024-01-06 07:00:00,1
30.4171278318714,41,83133,248.644569675048,Sale Discount,Chicago,0,Canada,2024-01-06 08:00:00,0
60.6448381546539,21,93165,58.6675666816208,New Launch,Los Angeles,1,France,2024-01-06 09:00:00,0
55.0446601889267,29,93861,195.701708770872,Limited Offer,Houston,1,UK,2024-01-06 10:00:00,0
43.3264686282438,54,72290,298.859379047828,Limited Offer,Chicago,1,Canada,2024-01-06 11:00:00,1
37.191922040021,54,114031,263.924023459385,Sale Discount,Chicago,0,Germany,2024-01-06 12:00:00,1
50.2569102842177,60,51750,180.361422260897,Limited Offer,Houston,0,Germany,2024-01-06 13:00:00,0
86.5745822347512,23,115155,65.9102273216606,Flash Deal,New York,1,Canada,2024-01-06 14:00:00,0
49.3921759212453,56,60461,257.843378596427,Limited Offer,Los Angeles,0,USA,2024-01-06 15:00:00,1
61.127437304602,63,93800,199.744627044303,Limited Offer,Los Angeles,1,Canada,2024-01-06 16:00:00,1
72.1811375337107,41,98222,78.7332492648917,Flash Deal,New York,0,Canada,2024-01-06 17:00:00,1
51.8177761427576,28,132020,73.464321205839,Sale Discount,Houston,1,USA,2024-01-06 18:00:00,0
88.3069249632576,30,44226,277.406704859148,Sale Discount,Los Angeles,1,USA,2024-01-06 19:00:00,0
87.7468376965267,51,26721,217.30006573452,Flash Deal,Houston,1,UK,2024-01-06 20:00:00,0
45.1069377495219,42,76154,257.321699829189,Flash Deal,Houston,0,UK,2024-01-06 21:00:00,1
59.8349103535431,24,40609,269.744725070567,Flash Deal,Chicago,1,USA,2024-01-06 22:00:00,1
48.0526985890062,69,72130,192.943088012081,Limited Offer,New York,0,Germany,2024-01-06 23:00:00,1
47.0904296626481,21,92909,179.36158793876,Flash Deal,Houston,0,Germany,2024-01-07 00:00:00,0
32.213216841272,25,124211,157.606852580248,New Launch,San Francisco,0,Canada,2024-01-07 01:00:00,0
66.5738600387938,37,75249,129.23664694778,Limited Offer,New York,0,France,2024-01-07 02:00:00,1
60.1607413937317,46,68895,158.648990214678,Sale Discount,Los Angeles,0,Canada,2024-01-07 03:00:00,0
33.0887250749994,68,114473,243.469913932539,Sale Discount,Chicago,0,Canada,2024-01-07 04:00:00,1
46.7187878541967,62,25656,200.480857753783,Sale Discount,Los Angeles,0,France,2024-01-07 05:00:00,0
84.4959531579992,63,144865,273.130822488712,Limited Offer,Los Angeles,1,USA,2024-01-07 06:00:00,1
44.3737134400184,27,94520,160.845003594797,New Launch,New York,1,Germany,2024-01-07 07:00:00,0
38.6936923254734,60,83740,201.772394679689,Flash Deal,Los Angeles,1,Canada,2024-01-07 08:00:00,0
59.3671656166538,51,84309,207.826888272997,Flash Deal,Houston,0,France,2024-01-07 09:00:00,1
89.139027246636,43,49984,197.924290576581,Sale Discount,Los Angeles,0,UK,2024-01-07 10:00:00,1
44.52331629069,58,138947,225.658443271379,Sale Discount,Chicago,0,Canada,2024-01-07 11:00:00,1
70.3281328443527,66,93822,109.358367093702,Limited Offer,Chicago,0,Germany,2024-01-07 12:00:00,1
75.6971769197231,20,25901,178.090944386448,New Launch,San Francisco,1,USA,2024-01-07 13:00:00,1
44.258252639544,23,51552,76.0562007020869,Flash Deal,Chicago,0,Canada,2024-01-07 14:00:00,0
73.6929809167116,22,111245,146.127831911203,Limited Offer,Los Angeles,1,Canada,2024-01-07 15:00:00,1
52.0669879631552,22,51055,171.916767155316,Flash Deal,Chicago,0,France,2024-01-07 16:00:00,1
67.9383498356148,64,57685,213.056064886368,Sale Discount,New York,1,UK,2024-01-07 17:00:00,1
68.0117826456537,40,93965,287.632763146551,Flash Deal,Chicago,0,UK,2024-01-07 18:00:00,0
62.1464810444855,66,34716,200.162766637089,New Launch,Houston,1,USA,2024-01-07 19:00:00,1
35.4173862032645,26,134099,235.89847904414,New Launch,New York,0,Germany,2024-01-07 20:00:00,1
80.1181497353543,52,31138,176.566514873801,Sale Discount,San Francisco,1,USA,2024-01-07 21:00:00,1
49.2468038983042,37,55298,208.526007844083,New Launch,Houston,0,Canada,2024-01-07 22:00:00,0
41.1911106239913,66,71112,67.7330540334434,New Launch,Los Angeles,1,Canada,2024-01-07 23:00:00,0
32.4465084932858,59,43429,113.597895210462,Limited Offer,Los Angeles,1,UK,2024-01-08 00:00:00,1
65.4535765912945,52,70200,140.463273301285,Flash Deal,Los Angeles,0,Germany,2024-01-08 01:00:00,0
70.6538617105369,67,91308,168.123338751628,Sale Discount,Houston,1,France,2024-01-08 02:00:00,1
30.9952697356714,35,68244,61.4121863755959,Sale Discount,Houston,0,Germany,2024-01-08 03:00:00,0
60.7255834979569,34,137217,85.0060243883294,Sale Discount,Houston,0,Canada,2024-01-08 04:00:00,1
43.5897465118763,41,134055,119.203576947826,Sale Discount,New York,0,France,2024-01-08 05:00:00,0
68.710367424567,20,121268,292.883172725263,Sale Discount,New York,1,Germany,2024-01-08 06:00:00,1
40.4619857402995,49,125441,132.836751775763,New Launch,Los Angeles,1,Germany,2024-01-08 07:00:00,1
71.456264286148,52,37347,170.510264528021,Limited Offer,Chicago,0,France,2024-01-08 08:00:00,0
53.2041207780323,55,36920,99.0244281845982,Sale Discount,Los Angeles,0,Canada,2024-01-08 09:00:00,1
86.2037993242041,30,51822,202.695017768942,Limited Offer,San Francisco,1,Germany,2024-01-08 10:00:00,1
38.2512566487596,64,66659,120.170803878994,Limited Offer,New York,1,France,2024-01-08 11:00:00,1
50.4639810630155,42,60108,101.748144609607,New Launch,Houston,1,Canada,2024-01-08 12:00:00,1
36.8084112744353,26,148955,179.143157111495,Sale Discount,New York,0,France,2024-01-08 13:00:00,0
85.4816170967138,21,109099,51.3764497901052,New Launch,Houston,0,France,2024-01-08 14:00:00,1
82.6403612028589,31,27967,51.9160081623063,Sale Discount,San Francisco,0,Germany,2024-01-08 15:00:00,0
45.4764976629093,54,130719,104.767202275464,New Launch,San Francisco,0,Canada,2024-01-08 16:00:00,0
69.5990427620507,51,31871,59.1803406252053,Limited Offer,New York,0,Germany,2024-01-08 17:00:00,0
79.033332012073,28,114299,77.0064385326729,Sale Discount,Houston,1,USA,2024-01-08 18:00:00,0
63.3120486959677,58,97452,134.715162334688,Flash Deal,San Francisco,0,USA,2024-01-08 19:00:00,1
61.7790347013604,20,94270,250.646419894953,Limited Offer,Los Angeles,1,Canada,2024-01-08 20:00:00,1
44.5111374540271,45,53613,193.012160842325,Flash Deal,Los Angeles,1,France,2024-01-08 21:00:00,0
35.586166068354,46,48179,178.166931489104,Limited Offer,Houston,0,Germany,2024-01-08 22:00:00,1
83.8329454771996,26,140465,123.37220580203,New Launch,New York,1,Germany,2024-01-08 23:00:00,0
84.0250834297998,20,72188,282.938429858204,Sale Discount,San Francisco,0,Canada,2024-01-09 00:00:00,1
67.9860874363961,42,75099,149.253760309298,Limited Offer,New York,1,Canada,2024-01-09 01:00:00,1
50.341787462922,51,55262,71.7731916989429,New Launch,Los Angeles,0,USA,2024-01-09 02:00:00,1
50.9525744767597,29,98213,204.26662902945,Sale Discount,San Francisco,0,UK,2024-01-09 03:00:00,0
73.5573407322144,59,137407,78.4595983691504,Sale Discount,New York,1,Canada,2024-01-09 04:00:00,0
83.8266155971546,26,38268,136.305785700423,Limited Offer,Chicago,0,UK,2024-01-09 05:00:00,1
83.225185455907,32,97866,176.852984679452,Sale Discount,Houston,1,Canada,2024-01-09 06:00:00,0
76.7925327514574,57,106269,268.555631171294,Limited Offer,Houston,0,France,2024-01-09 07:00:00,0
68.5218987692573,42,80545,173.38664508503,Sale Discount,Chicago,0,France,2024-01-09 08:00:00,1
35.0483978997029,22,123483,225.564691507916,Flash Deal,Los Angeles,0,USA,2024-01-09 09:00:00,0
39.6977228456768,28,112822,298.204209749768,New Launch,San Francisco,1,USA,2024-01-09 10:00:00,1
83.9132513116248,51,92146,82.8722799744954,Flash Deal,Houston,1,UK,2024-01-09 11:00:00,1
66.3857435795754,41,91966,118.68288137988,Limited Offer,Chicago,0,Canada,2024-01-09 12:00:00,1
30.5518230969978,32,59922,148.644018899412,Flash Deal,Chicago,1,Germany,2024-01-09 13:00:00,0
36.0882925719619,55,99364,155.457044634708,Limited Offer,Los Angeles,0,USA,2024-01-09 14:00:00,1
69.8101061464834,25,62913,152.755268816386,Sale Discount,Los Angeles,1,Germany,2024-01-09 15:00:00,1
30.3036950307731,22,117033,276.902750639139,Sale Discount,New York,1,Germany,2024-01-09 16:00:00,0
39.6484830850499,65,124792,228.508161116714,Limited Offer,Houston,0,Canada,2024-01-09 17:00:00,0
62.9240273619952,43,139425,201.976303522676,Flash Deal,New York,0,UK,2024-01-09 18:00:00,0
71.5137118615616,35,75677,127.343179465696,Sale Discount,Chicago,0,Canada,2024-01-09 19:00:00,0
69.117675570156,23,122154,255.947596055324,New Launch,San Francisco,0,USA,2024-01-09 20:00:00,1
43.4561585676336,54,69841,288.765127871247,Sale Discount,San Francisco,0,Germany,2024-01-09 21:00:00,0
72.7307532808522,65,66332,255.299570637557,New Launch,Los Angeles,1,Canada,2024-01-09 22:00:00,0
44.234945249808,30,112062,50.3912762978682,Flash Deal,San Francisco,1,Canada,2024-01-09 23:00:00,0
49.5239818895561,45,139863,209.100342545852,New Launch,San Francisco,0,Canada,2024-01-10 00:00:00,0
74.7894843070815,22,115694,62.7838453605252,New Launch,San Francisco,0,USA,2024-01-10 01:00:00,1
68.9779739428329,30,45032,114.401805083431,New Launch,Chicago,0,UK,2024-01-10 02:00:00,0
80.9534046296507,34,57846,64.8811750869429,New Launch,San Francisco,1,Canada,2024-01-10 03:00:00,1
69.4567735380206,67,79474,200.948863237347,Sale Discount,San Francisco,0,USA,2024-01-10 04:00:00,0
64.0985162001283,57,64936,221.647478373152,New Launch,San Francisco,0,Germany,2024-01-10 05:00:00,1
35.6204860696856,62,49794,78.6219095164763,Sale Discount,New York,1,France,2024-01-10 06:00:00,1
52.062948183566,49,81588,145.959720761245,New Launch,Chicago,1,USA,2024-01-10 07:00:00,0
45.9121420609035,46,90984,164.059127238886,Limited Offer,Los Angeles,1,France,2024-01-10 08:00:00,1
44.639378602745,68,70331,142.263255440229,Flash Deal,New York,1,Canada,2024-01-10 09:00:00,0
88.3806332851467,20,114397,80.2562501212983,New Launch,Houston,0,Canada,2024-01-10 10:00:00,1
53.5858634800056,57,48141,154.736947546869,Limited Offer,Chicago,1,USA,2024-01-10 11:00:00,1
83.5227933106268,51,29074,237.794511952105,New Launch,Chicago,1,France,2024-01-10 12:00:00,1
67.8683175598358,57,26406,67.7519161333139,New Launch,Houston,0,Canada,2024-01-10 13:00:00,0
77.6886782124989,44,117359,70.0450035204759,New Launch,Houston,0,Germany,2024-01-10 14:00:00,1
60.1582255863115,30,143279,138.692822958996,Limited Offer,Houston,0,UK,2024-01-10 15:00:00,0
64.6142330775816,62,43291,285.431427904731,Flash Deal,Los Angeles,1,UK,2024-01-10 16:00:00,1
59.5510616291318,50,61568,217.143161680729,Limited Offer,San Francisco,0,Canada,2024-01-10 17:00:00,1
41.7145792678827,23,117539,219.667489168141,Flash Deal,Chicago,1,France,2024-01-10 18:00:00,1
73.3471269156903,41,66851,140.479997709466,New Launch,San Francisco,1,Canada,2024-01-10 19:00:00,1
46.8463417464513,36,119942,198.415197802135,Sale Discount,San Francisco,1,France,2024-01-10 20:00:00,1
31.4589579858872,33,74823,52.5327960069359,New Launch,Houston,0,Germany,2024-01-10 21:00:00,1
68.7283377544301,57,43312,209.024011602386,Flash Deal,Los Angeles,1,France,2024-01-10 22:00:00,0
40.6266407644229,45,63108,278.321736894059,Limited Offer,New York,0,Canada,2024-01-10 23:00:00,0
86.4275150611749,50,86918,203.143367086205,New Launch,Los Angeles,0,Germany,2024-01-11 00:00:00,0
87.2357146201553,65,54171,268.424648366586,Limited Offer,San Francisco,0,USA,2024-01-11 01:00:00,1
84.8918634132269,58,61779,230.993263866523,Limited Offer,Los Angeles,1,UK,2024-01-11 02:00:00,0
52.2095220153267,30,88828,80.1396041009226,Limited Offer,Houston,1,Canada,2024-01-11 03:00:00,1
30.9273969917321,60,127315,275.61332682146,New Launch,New York,1,Canada,2024-01-11 04:00:00,0
85.6991137552635,62,118723,66.6109610889437,Limited Offer,Houston,0,Canada,2024-01-11 05:00:00,0
55.6910488990389,42,32411,183.491868136941,Limited Offer,New York,1,Germany,2024-01-11 06:00:00,1
87.9992891426202,59,122821,85.5342809483644,New Launch,San Francisco,1,USA,2024-01-11 07:00:00,1
87.8171986253552,53,137990,52.926652682726,Limited Offer,New York,1,France,2024-01-11 08:00:00,0
81.1805673280416,44,77009,155.50856503191,New Launch,New York,1,USA,2024-01-11 09:00:00,0
47.6669335241751,55,35422,123.760176913539,Flash Deal,New York,1,Germany,2024-01-11 10:00:00,0
53.1058637161155,24,62468,171.500123449401,Flash Deal,Los Angeles,0,Canada,2024-01-11 11:00:00,0
81.0682002910114,22,52371,194.299971683638,Flash Deal,Los Angeles,0,UK,2024-01-11 12:00:00,1
49.0153203093767,60,77022,60.9347680772368,Limited Offer,San Francisco,0,Canada,2024-01-11 13:00:00,0
40.1695648011656,62,91229,80.7508237809364,Sale Discount,New York,0,France,2024-01-11 14:00:00,1
63.408075747501,68,119071,189.660599112606,Sale Discount,Chicago,1,UK,2024-01-11 15:00:00,1
86.1692864496469,48,71196,135.791838293165,Limited Offer,San Francisco,0,Canada,2024-01-11 16:00:00,0
71.7617878004984,40,100354,232.293371887362,Sale Discount,New York,1,UK,2024-01-11 17:00:00,1
64.2036702053619,59,116774,213.072912147985,New Launch,New York,0,USA,2024-01-11 18:00:00,0
35.8305896262461,27,116410,261.401090747477,Sale Discount,Los Angeles,0,Germany,2024-01-11 19:00:00,1
66.9004336019502,49,46715,223.123206667306,Limited Offer,San Francisco,0,Canada,2024-01-11 20:00:00,1
89.4032310062558,60,47605,157.482769347537,Limited Offer,New York,1,France,2024-01-11 21:00:00,0
38.4050409141915,47,119853,218.241655598608,New Launch,New York,1,USA,2024-01-11 22:00:00,1
61.0997791418242,56,51174,118.845293563855,Flash Deal,San Francisco,0,Canada,2024-01-11 23:00:00,1
82.6423843156773,48,29956,126.578374694553,Limited Offer,Chicago,1,USA,2024-01-12 00:00:00,0
74.4461170652523,35,124444,247.246289980198,New Launch,San Francisco,0,France,2024-01-12 01:00:00,1
71.8209444597161,53,96373,161.604879100396,Sale Discount,San Francisco,0,Canada,2024-01-12 02:00:00,1
72.1490450392266,19,89252,249.595085129588,Sale Discount,Chicago,0,France,2024-01-12 03:00:00,0
51.5694690731853,31,81949,255.60559341707,New Launch,San Francisco,1,UK,2024-01-12 04:00:00,0
47.6155106558696,30,82646,264.390584415321,New Launch,New York,0,France,2024-01-12 05:00:00,1
78.5616693287108,46,90017,279.158808960302,Limited Offer,San Francisco,0,UK,2024-01-12 06:00:00,1
78.6068036807508,29,83037,157.746305128324,Sale Discount,Chicago,0,Canada,2024-01-12 07:00:00,1
82.0243391148062,56,109818,129.716704580285,New Launch,Houston,1,UK,2024-01-12 08:00:00,0
84.7944331533883,19,26548,195.549686648529,Sale Discount,San Francisco,0,Canada,2024-01-12 09:00:00,1
60.6805439316563,49,136981,142.793105859407,New Launch,Los Angeles,1,Canada,2024-01-12 10:00:00,1
60.090977681232,30,123141,200.268541700058,Sale Discount,New York,0,Germany,2024-01-12 11:00:00,1
77.8977107380065,63,93294,226.396465660956,Flash Deal,New York,1,Canada,2024-01-12 12:00:00,1
68.9978358466659,44,129204,222.101254623034,Limited Offer,Los Angeles,0,UK,2024-01-12 13:00:00,1
72.1180126354622,66,43177,143.63822175503,Sale Discount,Los Angeles,0,Germany,2024-01-12 14:00:00,1
77.7475601661661,58,44022,91.7150504246882,Flash Deal,San Francisco,1,Germany,2024-01-12 15:00:00,0
83.400320509054,34,126297,157.632334615552,Sale Discount,Los Angeles,1,Canada,2024-01-12 16:00:00,0
50.2797094110922,57,140695,85.6485360204772,Sale Discount,Houston,0,France,2024-01-12 17:00:00,1
52.5349771583966,48,25542,272.524258795952,Flash Deal,Chicago,1,France,2024-01-12 18:00:00,1
35.6389163904521,51,111012,136.469365184464,Sale Discount,Los Angeles,0,Germany,2024-01-12 19:00:00,0
64.6968084597704,41,116320,88.614936805831,Sale Discount,Los Angeles,0,Canada,2024-01-12 20:00:00,0
32.1565364278045,62,80428,56.3619399764377,Limited Offer,Houston,0,France,2024-01-12 21:00:00,0
57.9358810879476,52,42740,211.455596571621,Flash Deal,New York,1,Canada,2024-01-12 22:00:00,1
62.5586780824546,65,79353,209.225579363686,Flash Deal,New York,0,Canada,2024-01-12 23:00:00,1
47.1924751276971,23,110353,135.151041645323,New Launch,San Francisco,1,Germany,2024-01-13 00:00:00,1
65.4499956341407,36,133132,67.9279722119128,Sale Discount,Houston,0,Germany,2024-01-13 01:00:00,1
31.830014996343,47,76532,152.407223723808,Limited Offer,Chicago,1,USA,2024-01-13 02:00:00,0
32.2408913249529,24,36052,127.804373765848,Sale Discount,Chicago,1,France,2024-01-13 03:00:00,0
79.3560336395795,27,120689,219.280159933752,Sale Discount,Houston,0,France,2024-01-13 04:00:00,0
51.6114384846758,58,67076,201.444812363173,New Launch,Chicago,1,France,2024-01-13 05:00:00,0
37.6236307591131,49,73420,141.148432049385,Sale Discount,New York,0,UK,2024-01-13 06:00:00,1
61.3345956032883,51,20671,104.473138563748,Limited Offer,Chicago,0,Canada,2024-01-13 07:00:00,1
76.1996131859167,45,20163,297.008991538898,Limited Offer,Chicago,0,Germany,2024-01-13 08:00:00,0
42.9492616498106,32,61424,163.500405299029,New Launch,Houston,0,France,2024-01-13 09:00:00,0
67.37342854914,47,129538,222.068558945059,Sale Discount,Houston,0,USA,2024-01-13 10:00:00,0
35.1208478996261,54,73744,85.1382418945902,Limited Offer,Chicago,1,France,2024-01-13 11:00:00,0
33.1009032701165,46,90331,171.39742491485,Sale Discount,Los Angeles,0,Canada,2024-01-13 12:00:00,0
61.8812778940889,39,30634,56.8841799673664,Sale Discount,Houston,1,Canada,2024-01-13 13:00:00,1
62.4381072966064,21,24798,176.363779477613,Sale Discount,San Francisco,1,Germany,2024-01-13 14:00:00,1
68.2457940898924,37,42420,291.004351779426,New Launch,San Francisco,0,UK,2024-01-13 15:00:00,0
73.5654800233597,49,137043,146.05167824645,Sale Discount,New York,1,Germany,2024-01-13 16:00:00,0
88.5511247677521,53,140575,59.7490031437279,Limited Offer,Chicago,0,France,2024-01-13 17:00:00,0
60.9780208980717,67,147158,57.7389477298359,Sale Discount,Los Angeles,1,USA,2024-01-13 18:00:00,1
49.3773883764748,21,49300,146.996689986717,Limited Offer,New York,1,Germany,2024-01-13 19:00:00,1
77.7111716861222,44,109881,90.0062341157985,Sale Discount,Chicago,1,UK,2024-01-13 20:00:00,1
46.2499350757245,34,30749,55.8380240820465,Limited Offer,Houston,0,Germany,2024-01-13 21:00:00,0
56.3382852423382,29,124131,239.053403487544,Limited Offer,San Francisco,1,Canada,2024-01-13 22:00:00,1
34.707382880536,39,45121,164.630752220473,Sale Discount,Los Angeles,0,France,2024-01-13 23:00:00,0
31.5210446049275,34,148563,122.311192993164,Sale Discount,San Francisco,1,France,2024-01-14 00:00:00,1
87.7589048806755,27,57487,275.02079575412,Limited Offer,Houston,1,France,2024-01-14 01:00:00,1
80.1588072307324,18,113947,79.0347400501314,Flash Deal,Chicago,1,France,2024-01-14 02:00:00,1
71.7584523656219,39,53361,288.97970723883,New Launch,Houston,1,France,2024-01-14 03:00:00,0
54.5371766648562,43,41223,128.491679344338,Flash Deal,Houston,0,France,2024-01-14 04:00:00,0
40.3976592042507,35,92930,272.10091807717,Flash Deal,San Francisco,0,USA,2024-01-14 05:00:00,1
39.3862225602652,67,34056,200.735719119865,Sale Discount,Los Angeles,1,UK,2024-01-14 06:00:00,0
45.0145738898757,31,48380,256.676839935372,New Launch,Houston,1,France,2024-01-14 07:00:00,0
62.9535998823672,64,46035,296.003290802616,Flash Deal,San Francisco,0,UK,2024-01-14 08:00:00,0
72.8757553620037,46,50620,122.101359454686,Sale Discount,Los Angeles,0,France,2024-01-14 09:00:00,0
69.6118426030639,29,39877,290.283871351898,Flash Deal,Chicago,0,Germany,2024-01-14 10:00:00,0
46.7960338167566,53,145481,147.370473725605,Flash Deal,Chicago,0,France,2024-01-14 11:00:00,0
87.2919168397916,52,75316,146.377976184231,Sale Discount,New York,1,Canada,2024-01-14 12:00:00,0
74.2738150017461,69,84041,135.096776063626,Sale Discount,San Francisco,1,USA,2024-01-14 13:00:00,1
63.261243150684,29,128940,185.351901836896,Sale Discount,Los Angeles,0,Germany,2024-01-14 14:00:00,0
66.7032447740611,24,137360,88.5362607946218,New Launch,Houston,0,Germany,2024-01-14 15:00:00,0
55.1760037456674,46,73352,188.427871339503,Flash Deal,Chicago,0,Canada,2024-01-14 16:00:00,1
44.8638593700695,28,50911,185.426203102501,Sale Discount,Los Angeles,0,France,2024-01-14 17:00:00,1
51.3583607190757,50,52784,240.475453151218,Limited Offer,San Francisco,0,USA,2024-01-14 18:00:00,1
75.4707666278622,23,23191,258.412490484396,Flash Deal,New York,0,Germany,2024-01-14 19:00:00,1
30.8636093177854,64,53160,160.110337578106,Limited Offer,Chicago,1,USA,2024-01-14 20:00:00,0
36.964358430415,32,110536,125.583312337873,New Launch,Los Angeles,1,Germany,2024-01-14 21:00:00,1
32.7601585213052,49,124576,114.833724329274,Sale Discount,Los Angeles,1,France,2024-01-14 22:00:00,1
32.4437281391382,68,84641,98.655959176218,Limited Offer,Los Angeles,0,Germany,2024-01-14 23:00:00,0
81.3276350406604,28,69723,64.4118955497562,New Launch,San Francisco,0,Germany,2024-01-15 00:00:00,0
72.2194715628014,40,23631,135.611994708678,Sale Discount,San Francisco,0,UK,2024-01-15 01:00:00,0
58.4504297452395,43,26172,117.561923032696,Limited Offer,San Francisco,1,France,2024-01-15 02:00:00,1
35.8700496390601,51,62080,291.604346466602,Limited Offer,Houston,0,Canada,2024-01-15 03:00:00,0
59.4969525070099,63,109097,189.427206562511,New Launch,Los Angeles,0,Canada,2024-01-15 04:00:00,1
58.4083062468339,51,110353,136.819259757627,Sale Discount,Chicago,1,France,2024-01-15 05:00:00,0
40.3921121946009,46,40281,195.116900248424,Sale Discount,San Francisco,0,Canada,2024-01-15 06:00:00,0
56.0310989542784,21,48671,84.7991753364239,Limited Offer,San Francisco,1,France,2024-01-15 07:00:00,1
53.9102840638424,34,142811,161.010937300551,Limited Offer,Los Angeles,1,Canada,2024-01-15 08:00:00,0
66.951005883133,52,71431,206.558580355266,Limited Offer,San Francisco,0,UK,2024-01-15 09:00:00,0
68.1056190520586,30,110900,172.224457948113,Sale Discount,Houston,1,Canada,2024-01-15 10:00:00,0
32.7182405863227,58,142139,150.444700163581,New Launch,Houston,0,Germany,2024-01-15 11:00:00,0
52.4767568775883,56,127210,298.462097224925,New Launch,San Francisco,1,France,2024-01-15 12:00:00,0
67.5515949428542,32,147734,270.078690537232,Sale Discount,Los Angeles,0,USA,2024-01-15 13:00:00,1
60.1881755148053,46,112961,205.85148953986,Flash Deal,Los Angeles,1,USA,2024-01-15 14:00:00,1
81.3893904712993,46,135463,192.344340295571,New Launch,Los Angeles,0,France,2024-01-15 15:00:00,0
69.5216178971367,28,48602,205.165119956146,Limited Offer,New York,1,UK,2024-01-15 16:00:00,1
39.7760656248858,69,108789,100.328026955608,Flash Deal,San Francisco,1,Canada,2024-01-15 17:00:00,1
34.2341248440258,49,71399,148.78443581608,Flash Deal,Los Angeles,1,UK,2024-01-15 18:00:00,1
68.5451566923789,19,43472,59.8648832227248,New Launch,Houston,0,USA,2024-01-15 19:00:00,0
31.5906786324973,64,69230,168.886509371707,Flash Deal,Chicago,0,France,2024-01-15 20:00:00,0
65.1465348764078,31,93616,185.756145989416,Flash Deal,Chicago,1,France,2024-01-15 21:00:00,0
86.4138144854975,37,27099,106.937434025802,New Launch,Los Angeles,0,UK,2024-01-15 22:00:00,1
64.5284506725527,39,138614,291.007211791378,New Launch,Chicago,1,UK,2024-01-15 23:00:00,1
53.2901955723913,28,45431,277.363652734311,Flash Deal,Chicago,0,Canada,2024-01-16 00:00:00,0
68.5972931065412,44,76492,230.535808863977,Limited Offer,New York,1,Germany,2024-01-16 01:00:00,0
57.495173429491,20,116722,183.346657191341,Sale Discount,Houston,0,Germany,2024-01-16 02:00:00,1
62.7370073589561,34,67684,267.492289911921,Flash Deal,Houston,1,Canada,2024-01-16 03:00:00,1
86.4878885265915,61,50111,82.6630859558657,Flash Deal,New York,1,Germany,2024-01-16 04:00:00,0
53.1661582680465,45,125387,247.627448568721,Limited Offer,New York,1,USA,2024-01-16 05:00:00,1
87.6714338294349,46,83936,81.2052034917121,Flash Deal,Chicago,1,Germany,2024-01-16 06:00:00,1
84.3210385173638,38,42614,248.552665637351,Flash Deal,San Francisco,0,Canada,2024-01-16 07:00:00,1
41.7474680873578,64,112260,118.941892062839,Sale Discount,Chicago,1,Germany,2024-01-16 08:00:00,1
34.1616780525099,33,61991,269.272645254547,Sale Discount,New York,0,France,2024-01-16 09:00:00,1
36.0466800826456,54,90476,286.01052345635,Sale Discount,Houston,0,UK,2024-01-16 10:00:00,1
31.093309539093,37,137959,87.1989923512789,New Launch,Chicago,1,USA,2024-01-16 11:00:00,1
35.6665776453557,23,80920,165.668901266348,New Launch,San Francisco,0,France,2024-01-16 12:00:00,0
70.9804064049814,36,114294,295.246844540671,Sale Discount,Chicago,0,France,2024-01-16 13:00:00,0
34.2713189076137,22,83530,170.851858993287,Sale Discount,Los Angeles,0,Canada,2024-01-16 14:00:00,1
49.1385378176257,20,56224,265.886880628636,New Launch,Chicago,1,UK,2024-01-16 15:00:00,1
80.6925186581673,18,27788,197.18288053283,Limited Offer,New York,0,UK,2024-01-16 16:00:00,1
31.3963161441496,55,48082,143.832476979901,Flash Deal,Houston,0,USA,2024-01-16 17:00:00,0
78.8681089553361,32,143287,121.445888881468,Flash Deal,Houston,1,Canada,2024-01-16 18:00:00,0
46.911286486404,51,109570,100.805772771522,Sale Discount,New York,1,USA,2024-01-16 19:00:00,1
37.0898896572994,52,121015,240.449547844424,Limited Offer,Los Angeles,0,Germany,2024-01-16 20:00:00,0
71.804229921849,66,96816,146.635126705757,New Launch,New York,1,France,2024-01-16 21:00:00,1
67.736570806793,42,103588,177.818865550188,Sale Discount,Chicago,0,USA,2024-01-16 22:00:00,1
82.6483208116232,41,36531,173.081370000296,Limited Offer,New York,0,France,2024-01-16 23:00:00,1
74.1042626282331,29,108340,194.319757308283,Limited Offer,New York,0,Canada,2024-01-17 00:00:00,1
78.2088558230909,35,114439,266.394286406138,Limited Offer,Los Angeles,1,Germany,2024-01-17 01:00:00,1
46.9220743542784,32,64857,295.184835895857,New Launch,Chicago,0,Canada,2024-01-17 02:00:00,1
40.6463726267834,61,30142,151.896052143454,New Launch,San Francisco,1,Germany,2024-01-17 03:00:00,1
75.0368850984515,33,135053,256.879730526576,Flash Deal,San Francisco,1,Germany,2024-01-17 04:00:00,0
78.4100843560358,44,68355,241.131948663679,Flash Deal,Houston,0,France,2024-01-17 05:00:00,1
89.4303085200404,25,29866,193.382237863893,Limited Offer,New York,1,Canada,2024-01-17 06:00:00,0
54.7570606146856,63,90067,289.011785902983,Limited Offer,Houston,1,Canada,2024-01-17 07:00:00,1
52.321085147567,42,130990,100.118628882101,New Launch,Los Angeles,1,USA,2024-01-17 08:00:00,1
76.5847776445198,34,123634,77.3160525774054,Flash Deal,San Francisco,1,Canada,2024-01-17 09:00:00,0
50.4482124151811,46,123814,263.490491738856,Limited Offer,New York,1,USA,2024-01-17 10:00:00,0
85.8454395362139,25,145426,159.787454158437,Flash Deal,Los Angeles,0,UK,2024-01-17 11:00:00,1
81.5047651105807,32,84027,261.742213551765,Flash Deal,Los Angeles,1,UK,2024-01-17 12:00:00,0
55.7396416425011,44,77906,273.272551298854,Limited Offer,New York,0,UK,2024-01-17 13:00:00,1
75.0522640674898,63,48138,65.6143984047679,New Launch,Los Angeles,0,Canada,2024-01-17 14:00:00,1
75.2725724450809,67,112601,270.866190746515,Limited Offer,New York,0,Canada,2024-01-17 15:00:00,0
36.187432130156,69,49956,162.079763842356,Limited Offer,New York,0,USA,2024-01-17 16:00:00,0
84.153174400774,24,127268,177.608122251058,Flash Deal,Chicago,0,Germany,2024-01-17 17:00:00,0
60.3151423468714,20,124797,206.648127773303,Limited Offer,Houston,0,USA,2024-01-17 18:00:00,0
79.5874479664645,46,144917,281.595651682522,New Launch,Los Angeles,1,UK,2024-01-17 19:00:00,1
49.2029760618367,61,146303,54.779023607441,Limited Offer,Los Angeles,1,USA,2024-01-17 20:00:00,0
83.731393709772,41,96295,169.210867079454,New Launch,Chicago,1,Germany,2024-01-17 21:00:00,0
53.3521007240498,20,25439,221.93051060764,New Launch,Chicago,0,Canada,2024-01-17 22:00:00,0
30.6502590888179,37,67241,230.676739424557,Flash Deal,Chicago,1,USA,2024-01-17 23:00:00,0
84.3229185851558,63,62533,223.133107884277,Sale Discount,San Francisco,1,UK,2024-01-18 00:00:00,0
35.477200607168,32,48270,83.6087823520305,Sale Discount,San Francisco,1,UK,2024-01-18 01:00:00,1
49.1588182554249,42,98815,124.84889709292,Flash Deal,San Francisco,0,Canada,2024-01-18 02:00:00,1
87.0037180230483,47,59279,139.678881354253,Limited Offer,New York,1,USA,2024-01-18 03:00:00,0
87.0364288162534,31,129787,251.109301919876,Flash Deal,Los Angeles,0,Germany,2024-01-18 04:00:00,0
64.4062732873972,24,43888,119.689968103638,New Launch,Houston,1,Canada,2024-01-18 05:00:00,1
67.910232730188,34,37630,102.676240966801,Sale Discount,New York,0,USA,2024-01-18 06:00:00,0
56.9067313186992,61,81063,289.362004759524,Flash Deal,Los Angeles,0,France,2024-01-18 07:00:00,1
47.5926463018839,37,138527,52.2158212783672,Limited Offer,Los Angeles,0,UK,2024-01-18 08:00:00,1
49.719872722195,53,143239,299.455213920495,Flash Deal,Chicago,1,Germany,2024-01-18 09:00:00,0
70.3511073646223,26,147896,219.205324714349,Sale Discount,Chicago,1,Germany,2024-01-18 10:00:00,1
75.1424717662608,55,55144,257.117324862279,Flash Deal,New York,0,Germany,2024-01-18 11:00:00,0
77.4947426235509,65,72161,123.654849086548,Flash Deal,Chicago,1,UK,2024-01-18 12:00:00,0
77.3770885676732,39,116718,53.578819416765,Sale Discount,Los Angeles,0,USA,2024-01-18 13:00:00,1
35.4723661829214,19,145873,234.467379640383,New Launch,Chicago,0,Canada,2024-01-18 14:00:00,1
59.6652182821549,41,111074,258.536149250169,New Launch,San Francisco,1,USA,2024-01-18 15:00:00,0
33.4535256009987,25,97360,235.11903298838,Sale Discount,Chicago,1,Canada,2024-01-18 16:00:00,1
62.9717329394241,28,70979,85.7125718252097,Flash Deal,Los Angeles,1,Germany,2024-01-18 17:00:00,0
56.4918300824026,30,117661,238.356980564242,Sale Discount,New York,0,USA,2024-01-18 18:00:00,1
83.262250965498,34,26979,242.23069552691,New Launch,Houston,0,Germany,2024-01-18 19:00:00,1
51.0549007531247,25,46189,214.635128917514,Limited Offer,Chicago,1,France,2024-01-18 20:00:00,0
37.0240209856564,38,62600,241.528983198897,Flash Deal,Los Angeles,0,Germany,2024-01-18 21:00:00,0
38.5795009231702,35,79560,261.480359919433,New Launch,Houston,1,Germany,2024-01-18 22:00:00,0
75.6906379030483,47,98040,203.401028559365,Flash Deal,Houston,0,Canada,2024-01-18 23:00:00,1
67.0930837989757,35,143257,72.1511784924198,Sale Discount,San Francisco,1,France,2024-01-19 00:00:00,0
36.0673605673674,63,81558,171.906952416803,Limited Offer,Houston,1,Germany,2024-01-19 01:00:00,0
35.0464083668999,64,106205,69.4123336679013,Sale Discount,Los Angeles,0,Germany,2024-01-19 02:00:00,1
72.0581478875472,48,26910,151.885757758108,Limited Offer,Los Angeles,1,France,2024-01-19 03:00:00,1
34.3657803818516,55,77713,151.776622281407,Flash Deal,Chicago,1,France,2024-01-19 04:00:00,0
79.3116035574214,49,66857,66.5024610350604,Flash Deal,Chicago,0,USA,2024-01-19 05:00:00,0
72.3745336293898,28,54964,137.20513349237,Sale Discount,Chicago,1,Canada,2024-01-19 06:00:00,0
34.880926838514,62,105667,77.7495246978287,Limited Offer,Houston,0,France,2024-01-19 07:00:00,0
35.0902628451115,42,45227,252.058802502306,Limited Offer,Houston,1,France,2024-01-19 08:00:00,1
89.1983747100705,50,25978,286.922006491118,Flash Deal,San Francisco,0,UK,2024-01-19 09:00:00,1
52.4562477453672,55,107527,68.0791188144846,Sale Discount,Chicago,1,France,2024-01-19 10:00:00,0
52.2385288240135,58,37153,288.778801822925,Limited Offer,New York,1,Canada,2024-01-19 11:00:00,0
78.7679740354502,25,79765,180.644149834186,Flash Deal,San Francisco,1,Germany,2024-01-19 12:00:00,0
86.8349146430315,28,119084,124.891419488469,New Launch,New York,1,Germany,2024-01-19 13:00:00,1
89.1600638293723,39,128212,69.2155188190409,Sale Discount,Houston,0,Germany,2024-01-19 14:00:00,0
75.2026911155365,68,59071,175.156067017605,New Launch,San Francisco,0,Germany,2024-01-19 15:00:00,0
52.575575131855,41,132990,248.628886122687,Sale Discount,San Francisco,0,UK,2024-01-19 16:00:00,1
35.0100430019201,58,89519,226.771619316675,Flash Deal,Los Angeles,0,France,2024-01-19 17:00:00,1
76.6288149556462,34,29503,62.5565028659934,Limited Offer,Houston,0,Germany,2024-01-19 18:00:00,0
63.5042549841483,29,80703,68.2254588419759,Limited Offer,Houston,0,USA,2024-01-19 19:00:00,0
55.4533205548186,63,84379,150.718320658159,Limited Offer,San Francisco,0,Germany,2024-01-19 20:00:00,1
84.3812631056842,49,115457,123.822623511986,Sale Discount,Houston,1,France,2024-01-19 21:00:00,0
36.6718489383691,32,77866,108.096080764012,Flash Deal,San Francisco,1,Germany,2024-01-19 22:00:00,0
59.5575062574516,33,36905,120.251124727178,New Launch,Los Angeles,1,UK,2024-01-19 23:00:00,1
30.6812186860452,39,65838,250.870685824221,Flash Deal,San Francisco,1,Canada,2024-01-20 00:00:00,1
58.1196385196476,45,145200,282.307013407964,New Launch,Houston,0,Canada,2024-01-20 01:00:00,1
33.3781965409102,37,78279,151.275673631892,Sale Discount,Houston,0,France,2024-01-20 02:00:00,0
37.1290749760843,50,109489,276.527750533124,Sale Discount,San Francisco,0,Canada,2024-01-20 03:00:00,1
37.0515748066263,27,46806,130.373925311971,New Launch,San Francisco,1,Canada,2024-01-20 04:00:00,1
68.9526181269638,57,65000,169.109246585948,New Launch,San Francisco,0,USA,2024-01-20 05:00:00,0
74.7626927559254,49,42168,106.507249454,New Launch,Chicago,1,France,2024-01-20 06:00:00,0
65.0021259058296,67,90119,210.119010543961,Flash Deal,Houston,0,France,2024-01-20 07:00:00,1
87.7303529084725,50,58714,294.745278793702,New Launch,Houston,0,Canada,2024-01-20 08:00:00,1
52.4922347714223,19,74093,200.873274010845,Sale Discount,Chicago,0,Canada,2024-01-20 09:00:00,0
47.1427251769116,50,75419,139.453521028387,Sale Discount,San Francisco,0,Canada,2024-01-20 10:00:00,0
82.1159476913676,50,69145,211.954361497632,Limited Offer,Los Angeles,1,UK,2024-01-20 11:00:00,1
43.4157503111672,58,125432,80.7301696163469,New Launch,San Francisco,1,Germany,2024-01-20 12:00:00,1
87.7933523664367,30,97425,272.16477006635,Flash Deal,San Francisco,0,UK,2024-01-20 13:00:00,0
30.729268481389,47,112949,175.770987694959,Flash Deal,Chicago,1,France,2024-01-20 14:00:00,1
88.1927296024583,50,97811,162.337435509911,Flash Deal,Houston,0,USA,2024-01-20 15:00:00,0
32.5895947170346,30,22461,196.46619711338,Limited Offer,San Francisco,0,Germany,2024-01-20 16:00:00,1
83.4685868218843,69,34291,206.195965697351,Sale Discount,Houston,0,USA,2024-01-20 17:00:00,0
61.662066545178,43,66804,67.9439515566283,Flash Deal,New York,0,France,2024-01-20 18:00:00,0
89.577887767158,39,96971,220.654305305851,Sale Discount,Houston,1,France,2024-01-20 19:00:00,1
34.4277938841239,56,113471,110.482920078882,Limited Offer,Los Angeles,0,USA,2024-01-20 20:00:00,1
63.2312570640792,19,84946,228.488158126647,New Launch,Los Angeles,0,USA,2024-01-20 21:00:00,0
88.158152137146,55,118989,255.633698596049,New Launch,San Francisco,1,USA,2024-01-20 22:00:00,1
61.3858706502089,56,104080,250.98962688813,New Launch,Houston,0,France,2024-01-20 23:00:00,1
67.7639182881158,43,141719,188.125241851972,Flash Deal,San Francisco,1,Canada,2024-01-21 00:00:00,1
71.744921339077,63,81332,180.042473077688,New Launch,Chicago,0,USA,2024-01-21 01:00:00,0
57.2724638860664,67,97794,85.7189903348529,Flash Deal,Los Angeles,0,Germany,2024-01-21 02:00:00,1
67.6534848050438,32,50841,243.836537600784,Limited Offer,San Francisco,0,France,2024-01-21 03:00:00,1
65.058858715386,51,144447,117.852345111679,Limited Offer,Chicago,0,UK,2024-01-21 04:00:00,0
84.0694806294594,59,140029,174.173855704487,Flash Deal,San Francisco,0,UK,2024-01-21 05:00:00,1
32.7267828204875,61,68758,121.068523231879,Sale Discount,Houston,0,Germany,2024-01-21 06:00:00,1
46.8577913755338,66,134726,83.4570907499233,New Launch,Houston,1,Canada,2024-01-21 07:00:00,0
87.0246890445935,57,96272,207.389424222934,New Launch,Houston,0,USA,2024-01-21 08:00:00,0
83.415827033455,28,57643,63.583008705726,New Launch,Houston,1,France,2024-01-21 09:00:00,1
57.3394051671428,20,70408,237.16130853155,Flash Deal,New York,1,USA,2024-01-21 10:00:00,1
67.2079558680922,23,63950,129.396698815279,Limited Offer,Chicago,0,France,2024-01-21 11:00:00,0
46.642870978868,26,76849,50.0336732511213,New Launch,Chicago,1,UK,2024-01-21 12:00:00,0
41.2872695834257,23,120500,177.782284809307,Limited Offer,Houston,0,USA,2024-01-21 13:00:00,1
57.8219042963989,26,48044,61.7129771319008,New Launch,New York,1,Germany,2024-01-21 14:00:00,1
51.2011336815632,56,125469,119.042389455225,New Launch,Houston,0,Canada,2024-01-21 15:00:00,1
65.0193667110523,48,145588,226.744121863929,Flash Deal,New York,1,Germany,2024-01-21 16:00:00,0
34.6640782178991,49,35997,65.6724054054665,Sale Discount,Houston,1,Canada,2024-01-21 17:00:00,1
88.46368845997,58,99751,259.834623089001,Flash Deal,Los Angeles,0,USA,2024-01-21 18:00:00,0
89.1726446687762,67,118605,50.9549806646458,New Launch,Los Angeles,1,USA,2024-01-21 19:00:00,0
71.8897028411847,29,43911,111.705967300476,New Launch,San Francisco,0,Canada,2024-01-21 20:00:00,0
62.1657819806472,25,75533,235.226014038018,Sale Discount,Houston,0,UK,2024-01-21 21:00:00,1
48.5716569771797,25,102566,129.067537432327,Limited Offer,Chicago,0,France,2024-01-21 22:00:00,1
78.8277011824169,67,114870,75.4730970165034,Limited Offer,San Francisco,0,Germany,2024-01-21 23:00:00,1
71.0838703532328,45,34571,140.058479700107,New Launch,Los Angeles,0,Germany,2024-01-22 00:00:00,0
39.7570163606935,37,128255,117.598321596131,Limited Offer,Houston,1,Germany,2024-01-22 01:00:00,1
84.6556310696305,64,149226,260.677975540139,New Launch,San Francisco,1,USA,2024-01-22 02:00:00,0
79.3522345753901,24,114463,128.336979396286,Sale Discount,Houston,1,Germany,2024-01-22 03:00:00,0
86.9879947975154,28,77941,247.233117944002,Sale Discount,Los Angeles,0,France,2024-01-22 04:00:00,0
73.5431705033016,37,78005,272.968036202684,New Launch,San Francisco,1,France,2024-01-22 05:00:00,0
66.8049117561474,33,106250,158.454354894132,Sale Discount,Los Angeles,1,Canada,2024-01-22 06:00:00,0
55.0945821774371,21,78712,277.485785963598,Flash Deal,New York,1,USA,2024-01-22 07:00:00,0
85.9637090012408,23,63541,144.329513490798,Flash Deal,Los Angeles,1,France,2024-01-22 08:00:00,1
81.9638333700245,39,43387,291.019604122527,Sale Discount,Houston,1,UK,2024-01-22 09:00:00,0
32.7131202063714,43,113980,72.3223811313932,New Launch,Chicago,0,USA,2024-01-22 10:00:00,1
31.5820184698351,20,68908,221.754816625811,New Launch,Los Angeles,0,USA,2024-01-22 11:00:00,0
52.587802012683,58,105457,173.453510114232,Sale Discount,Chicago,1,France,2024-01-22 12:00:00,1
78.63319984691,59,33057,146.912201363912,Limited Offer,New York,0,UK,2024-01-22 13:00:00,1
89.2365677588967,31,84028,208.17796968715,Flash Deal,San Francisco,0,Canada,2024-01-22 14:00:00,1
39.0250134662117,28,130804,225.964272908583,Limited Offer,San Francisco,1,France,2024-01-22 15:00:00,1
65.6478429211281,35,139246,51.0908174125773,New Launch,Chicago,1,UK,2024-01-22 16:00:00,0
52.8534513978613,29,75731,91.7382721867997,New Launch,San Francisco,0,USA,2024-01-22 17:00:00,0
88.1948638688762,40,44858,228.26151265858,Limited Offer,Los Angeles,1,UK,2024-01-22 18:00:00,0
80.5271353881425,29,68689,216.596353394552,Sale Discount,Chicago,0,USA,2024-01-22 19:00:00,0
80.2997222826683,30,64638,291.511876282169,Limited Offer,Houston,0,France,2024-01-22 20:00:00,1
58.1215895876982,42,111598,240.259447562696,Limited Offer,Los Angeles,1,France,2024-01-22 21:00:00,1
54.8891701402599,62,122386,287.693176932835,Flash Deal,Los Angeles,0,Germany,2024-01-22 22:00:00,1
46.4044243158424,68,66486,225.635125383702,Flash Deal,Los Angeles,0,Germany,2024-01-22 23:00:00,0
33.3825297990556,36,40567,124.513052159861,Limited Offer,Houston,0,Germany,2024-01-23 00:00:00,1
81.8833425753032,63,49739,76.3412305627141,Limited Offer,New York,1,France,2024-01-23 01:00:00,0
78.7740605478047,53,77804,245.455965836234,New Launch,San Francisco,1,Canada,2024-01-23 02:00:00,1
89.9830603971678,62,128821,211.037305368979,Flash Deal,Chicago,1,France,2024-01-23 03:00:00,1
89.7982102244343,25,23754,62.0465030983241,Flash Deal,New York,1,UK,2024-01-23 04:00:00,1
63.3259023361577,46,47044,140.012616475245,New Launch,Chicago,0,France,2024-01-23 05:00:00,1
76.1392449108306,49,87260,289.199953871072,Sale Discount,San Francisco,1,France,2024-01-23 06:00:00,1
86.6859437929457,68,86912,175.10028642755,Flash Deal,Houston,1,USA,2024-01-23 07:00:00,0
80.9788434406447,61,145623,158.182284004926,Flash Deal,Los Angeles,1,USA,2024-01-23 08:00:00,1
44.8408861045919,35,28706,164.424901289824,Sale Discount,Los Angeles,1,USA,2024-01-23 09:00:00,0
57.0326481186056,23,28894,102.220681001291,Flash Deal,Houston,0,France,2024-01-23 10:00:00,0
37.7495649090897,35,38037,142.176792716199,Flash Deal,New York,0,Canada,2024-01-23 11:00:00,0
87.2430616355233,36,103986,142.453313996794,Sale Discount,New York,0,UK,2024-01-23 12:00:00,0
66.3704780670528,39,101942,63.0887550468681,Sale Discount,Chicago,1,UK,2024-01-23 13:00:00,0
43.7185683302078,54,71612,241.89190712948,Limited Offer,Houston,1,Canada,2024-01-23 14:00:00,0
70.3020410643514,49,49725,154.12610797597,New Launch,New York,0,Canada,2024-01-23 15:00:00,0
67.0876944274738,58,25926,255.544971704106,New Launch,Houston,1,UK,2024-01-23 16:00:00,0
51.4897630819704,20,124555,262.587000279974,Sale Discount,San Francisco,1,Germany,2024-01-23 17:00:00,1
36.8134555319777,45,29496,102.998513674665,Sale Discount,Los Angeles,0,USA,2024-01-23 18:00:00,1
70.294391735568,27,76447,214.338370542532,Flash Deal,Los Angeles,0,USA,2024-01-23 19:00:00,0
61.2184620542276,68,121604,168.070451040745,Limited Offer,Los Angeles,1,UK,2024-01-23 20:00:00,0
76.3391035041384,52,49806,270.039184480371,Limited Offer,Houston,1,Canada,2024-01-23 21:00:00,0
61.2098100667196,46,108199,103.935169794114,Sale Discount,Houston,1,Germany,2024-01-23 22:00:00,1
81.1308900191124,32,61321,219.453300077511,Flash Deal,Chicago,0,UK,2024-01-23 23:00:00,1
63.1144103264691,50,142041,201.938030563181,Flash Deal,Los Angeles,0,USA,2024-01-24 00:00:00,0
63.6562782921232,24,122031,123.825369392958,New Launch,Chicago,0,France,2024-01-24 01:00:00,0
82.5992161595007,29,85095,84.1502259127932,New Launch,Los Angeles,0,Canada,2024-01-24 02:00:00,1
54.2089719727438,66,42656,212.909940119319,Flash Deal,Chicago,1,France,2024-01-24 03:00:00,1
38.0409137070384,47,75147,234.649364533083,New Launch,Chicago,0,UK,2024-01-24 04:00:00,0
31.7269605788003,38,111396,128.906835940838,Sale Discount,San Francisco,0,USA,2024-01-24 05:00:00,0
75.3082353404171,48,69666,211.208151005579,Flash Deal,Chicago,1,Germany,2024-01-24 06:00:00,0
67.2185730812079,41,102368,148.782726902876,New Launch,Houston,1,France,2024-01-24 07:00:00,0
72.2447860859534,37,58787,228.301720820654,Limited Offer,Chicago,1,Germany,2024-01-24 08:00:00,1
42.7778496905346,54,133767,99.8038187235133,Flash Deal,Los Angeles,0,USA,2024-01-24 09:00:00,1
38.1822885352062,21,82946,272.553750659044,Flash Deal,Chicago,1,France,2024-01-24 10:00:00,0
30.8726799400729,45,41727,121.852399116395,Limited Offer,New York,1,Germany,2024-01-24 11:00:00,0
51.0352535283958,61,128351,141.946496939038,Sale Discount,Los Angeles,0,Germany,2024-01-24 12:00:00,0
65.395061211278,37,115081,64.5229880200874,Limited Offer,New York,0,France,2024-01-24 13:00:00,1
53.5346427059839,41,142721,77.8780530803191,Flash Deal,Los Angeles,1,USA,2024-01-24 14:00:00,0
56.2484953214238,67,130058,178.965475678082,Sale Discount,Houston,0,Germany,2024-01-24 15:00:00,0
84.2495216696249,66,88056,116.898169181993,New Launch,Houston,1,UK,2024-01-24 16:00:00,0
50.895328021398,68,23081,258.870056435549,New Launch,Houston,1,France,2024-01-24 17:00:00,1
60.8393693495887,49,54196,53.6733471637385,New Launch,New York,0,Canada,2024-01-24 18:00:00,0
77.0191807644686,58,56735,144.773512167984,Flash Deal,San Francisco,1,Canada,2024-01-24 19:00:00,1
53.7925669392762,53,124749,134.336386692273,Limited Offer,Los Angeles,0,USA,2024-01-24 20:00:00,0
67.3252020136724,51,100102,54.8319077294003,Sale Discount,Houston,0,UK,2024-01-24 21:00:00,0
81.7418225248047,53,99578,81.0920997501276,New Launch,Los Angeles,0,Germany,2024-01-24 22:00:00,0
86.9712374194585,19,45498,153.410668729659,Sale Discount,New York,1,Canada,2024-01-24 23:00:00,1
38.8244088557423,32,96865,173.216146111862,Flash Deal,San Francisco,0,USA,2024-01-25 00:00:00,0
85.5952575096897,51,51656,151.072436813717,New Launch,New York,0,UK,2024-01-25 01:00:00,0
59.5269775847723,53,87695,182.734419603024,Flash Deal,Los Angeles,1,UK,2024-01-25 02:00:00,1
45.4946632979375,23,57900,198.78291872642,Limited Offer,San Francisco,1,USA,2024-01-25 03:00:00,1
57.5481453742957,56,148392,52.4809552819589,Flash Deal,San Francisco,1,USA,2024-01-25 04:00:00,1
88.8019545171286,59,137235,166.023789863376,Flash Deal,New York,1,Germany,2024-01-25 05:00:00,0
59.5570856395722,68,104899,290.874810221897,Limited Offer,Houston,0,USA,2024-01-25 06:00:00,1
49.7250966172505,68,67701,179.758070032387,Sale Discount,Los Angeles,0,Germany,2024-01-25 07:00:00,0
68.0040512590036,29,128777,219.385566864738,Limited Offer,Chicago,0,Germany,2024-01-25 08:00:00,1
44.4087371266916,20,39033,127.965964479221,Limited Offer,Chicago,1,France,2024-01-25 09:00:00,1
34.5517996865198,62,143193,243.497844538191,Flash Deal,New York,1,UK,2024-01-25 10:00:00,1
37.732783314639,35,30805,243.230370469029,Sale Discount,Los Angeles,0,UK,2024-01-25 11:00:00,0
37.6827503374664,57,55851,180.324011913535,New Launch,Los Angeles,1,UK,2024-01-25 12:00:00,0
39.1141616107377,38,46832,294.003455819803,Limited Offer,New York,1,France,2024-01-25 13:00:00,0
38.3296303589646,32,83437,81.3875536906633,Sale Discount,Los Angeles,0,Germany,2024-01-25 14:00:00,0
68.4524846881929,50,135725,54.2369162223953,Limited Offer,Houston,0,Germany,2024-01-25 15:00:00,0
40.9128050639487,52,33944,242.539552939274,Limited Offer,New York,1,USA,2024-01-25 16:00:00,0
50.7400369994318,43,39873,251.788884341221,Limited Offer,Houston,1,France,2024-01-25 17:00:00,0
83.8073045943607,25,60372,80.0518072801441,Limited Offer,Los Angeles,1,USA,2024-01-25 18:00:00,0
58.4376984157724,53,109464,116.395708239652,Flash Deal,New York,0,France,2024-01-25 19:00:00,0
70.0534643112616,65,35379,54.3880908416572,Sale Discount,Los Angeles,0,USA,2024-01-25 20:00:00,1
40.3391922720978,47,137322,123.327152695141,Sale Discount,New York,0,Canada,2024-01-25 21:00:00,1
41.5373411285203,40,56751,243.285468479668,Sale Discount,Los Angeles,0,UK,2024-01-25 22:00:00,0
32.4521169759887,59,120082,179.490131928145,Limited Offer,Houston,0,UK,2024-01-25 23:00:00,0
40.1361037843299,61,109822,137.023898292072,Flash Deal,Houston,1,Germany,2024-01-26 00:00:00,0
46.7154203419175,31,25110,142.934823726583,Limited Offer,Los Angeles,1,Canada,2024-01-26 01:00:00,0
40.6206290566048,31,74341,50.338406428867,Limited Offer,New York,1,UK,2024-01-26 02:00:00,1
35.3221520254233,19,32087,124.950131891309,Sale Discount,Chicago,0,Germany,2024-01-26 03:00:00,1
37.2381522660361,54,43762,211.614685409483,Limited Offer,Houston,0,Canada,2024-01-26 04:00:00,0
57.6467260819636,22,135812,293.548610954089,New Launch,Houston,0,UK,2024-01-26 05:00:00,1
42.3800231043476,55,102617,261.765206745975,Limited Offer,Chicago,1,USA,2024-01-26 06:00:00,1
51.8561916628845,62,120483,55.8987411613823,New Launch,Los Angeles,0,France,2024-01-26 07:00:00,0
60.2050362512914,58,29596,274.64015116871,Limited Offer,New York,0,Canada,2024-01-26 08:00:00,0
71.4236897177619,64,123555,245.799603324657,Flash Deal,Los Angeles,1,Germany,2024-01-26 09:00:00,0
32.3587283904659,31,127539,245.094030892745,Flash Deal,San Francisco,0,Canada,2024-01-26 10:00:00,0
77.9646239345426,56,38313,164.498939750893,Sale Discount,Houston,1,Germany,2024-01-26 11:00:00,1
67.6740233694545,42,133175,149.501323238626,Limited Offer,San Francisco,0,Canada,2024-01-26 12:00:00,0
34.9055419169323,37,86549,125.728932208298,New Launch,Houston,0,Germany,2024-01-26 13:00:00,1
82.4147174464066,19,134914,66.4237147385914,New Launch,Houston,1,UK,2024-01-26 14:00:00,0
85.2523440319088,56,43705,107.058840873425,Limited Offer,San Francisco,1,USA,2024-01-26 15:00:00,1
33.6646775912918,23,87364,111.650908744506,New Launch,San Francisco,1,UK,2024-01-26 16:00:00,0
46.6126588888322,34,93445,171.01926742755,Flash Deal,Los Angeles,1,USA,2024-01-26 17:00:00,0
78.3720767875837,42,123892,236.861101649174,New Launch,San Francisco,1,UK,2024-01-26 18:00:00,1
74.8955814230195,45,98645,168.452457099487,Sale Discount,Los Angeles,1,UK,2024-01-26 19:00:00,1
41.0712611613826,19,22023,64.4611123617902,Flash Deal,Los Angeles,0,Canada,2024-01-26 20:00:00,1
42.5609594002026,52,139654,289.447450247051,Flash Deal,Los Angeles,0,France,2024-01-26 21:00:00,0
52.2283261674829,54,79796,285.681079773528,Flash Deal,Houston,1,Germany,2024-01-26 22:00:00,1
59.0713791114613,22,100073,246.297385787102,Limited Offer,Houston,0,Germany,2024-01-26 23:00:00,1
67.0952862918178,18,112197,297.831975391055,Limited Offer,San Francisco,1,Germany,2024-01-27 00:00:00,1
52.1348183741864,57,84429,186.120583200066,Flash Deal,Houston,0,USA,2024-01-27 01:00:00,1
57.7520829679889,29,124195,290.692087563302,Limited Offer,San Francisco,1,Germany,2024-01-27 02:00:00,1
74.8482562880254,53,81627,68.9012601541877,New Launch,Houston,0,Germany,2024-01-27 03:00:00,1
32.2009921734359,62,53848,141.420187065343,Limited Offer,New York,0,Canada,2024-01-27 04:00:00,1
45.1462166606412,40,57804,106.345317001692,Limited Offer,New York,0,UK,2024-01-27 05:00:00,1
72.8009751530732,64,35379,98.9582710335675,Flash Deal,San Francisco,0,Germany,2024-01-27 06:00:00,1
83.712410261232,48,79664,85.200737223169,Sale Discount,Houston,0,France,2024-01-27 07:00:00,0
60.70064652694,28,47766,205.603410391499,Sale Discount,Houston,1,Germany,2024-01-27 08:00:00,0
61.9268091159189,27,129126,245.330463936826,Sale Discount,Los Angeles,1,USA,2024-01-27 09:00:00,1
36.4303206803866,20,88099,194.57459985509,New Launch,Chicago,1,USA,2024-01-27 10:00:00,0
56.8447420094073,31,56060,86.7406773970524,Limited Offer,San Francisco,0,USA,2024-01-27 11:00:00,0
61.9570359873014,33,114733,252.780942483368,Sale Discount,Chicago,1,Germany,2024-01-27 12:00:00,1
44.5482302180838,27,89122,208.988676790932,Flash Deal,Chicago,0,Canada,2024-01-27 13:00:00,1
46.1545938569629,46,36087,147.041426531749,Sale Discount,San Francisco,0,France,2024-01-27 14:00:00,1
52.6370497862774,27,68868,218.532573884016,Sale Discount,Houston,0,Germany,2024-01-27 15:00:00,1
31.2042718666636,29,139119,114.976244810708,Limited Offer,San Francisco,1,Canada,2024-01-27 16:00:00,1
49.3247499349907,47,43225,136.298052123553,Limited Offer,Chicago,0,Canada,2024-01-27 17:00:00,1
42.6868804197927,58,115286,279.371460782998,Limited Offer,Houston,1,Germany,2024-01-27 18:00:00,0
49.6498411306749,18,26643,122.626126417855,New Launch,New York,1,Germany,2024-01-27 19:00:00,1
37.1857279091551,22,113059,167.497067039484,New Launch,San Francisco,0,Canada,2024-01-27 20:00:00,0
83.4316368443937,37,56727,272.535284349004,Sale Discount,San Francisco,0,Canada,2024-01-27 21:00:00,1
65.6155472132429,25,31005,226.930337566882,Limited Offer,Houston,1,Canada,2024-01-27 22:00:00,1
70.7461391486694,60,129079,65.5508065411757,Sale Discount,New York,1,Germany,2024-01-27 23:00:00,0
77.3502743164403,29,85697,86.8257610697426,Flash Deal,New York,1,Canada,2024-01-28 00:00:00,1
59.9065319357434,18,36029,51.9603976929792,Flash Deal,Houston,1,USA,2024-01-28 01:00:00,1
35.2152172852454,37,135281,207.730447557291,Limited Offer,Los Angeles,1,Germany,2024-01-28 02:00:00,0
62.2263925091129,45,34226,161.918356352605,Limited Offer,San Francisco,1,USA,2024-01-28 03:00:00,1
65.2104670812527,60,83646,83.5687127255689,Flash Deal,San Francisco,0,UK,2024-01-28 04:00:00,0
74.7263684510598,54,80603,289.483530264193,Limited Offer,Chicago,1,Germany,2024-01-28 05:00:00,1
55.8995727737808,64,48731,182.414930986405,New Launch,Houston,1,UK,2024-01-28 06:00:00,1
37.6548181677338,54,129458,110.473323528222,New Launch,Chicago,1,Canada,2024-01-28 07:00:00,0
47.0265543479235,29,130384,175.150892788677,Limited Offer,Chicago,1,Canada,2024-01-28 08:00:00,1
51.7849377839181,54,88926,219.905083183777,Flash Deal,New York,0,France,2024-01-28 09:00:00,0
68.7550344798961,66,25997,69.0598044933911,Sale Discount,San Francisco,0,Canada,2024-01-28 10:00:00,0
64.2466982801347,66,75506,118.675953761973,Limited Offer,Chicago,1,UK,2024-01-28 11:00:00,0
51.3658035538708,61,98229,251.741372720998,Limited Offer,New York,1,Canada,2024-01-28 12:00:00,1
89.1909149275788,45,69815,164.916217600665,Sale Discount,Houston,1,Germany,2024-01-28 13:00:00,1
66.3464891614132,64,62092,186.644285508074,Limited Offer,Chicago,0,Canada,2024-01-28 14:00:00,0
44.2336075041597,32,82539,158.204000552367,Sale Discount,San Francisco,0,France,2024-01-28 15:00:00,1
36.1069483572242,23,86077,60.9749856607513,Flash Deal,Chicago,0,Canada,2024-01-28 16:00:00,1
39.1715483510599,61,41817,91.437444955039,New Launch,Houston,0,UK,2024-01-28 17:00:00,1
44.7574637030705,37,57861,161.385409685473,Flash Deal,Chicago,0,UK,2024-01-28 18:00:00,0
39.6408823955733,67,33428,102.296366351982,New Launch,San Francisco,0,Canada,2024-01-28 19:00:00,1
41.1940214430783,31,63934,62.4947571649197,Sale Discount,New York,1,UK,2024-01-28 20:00:00,0
47.1057101216308,19,135555,260.912416012956,New Launch,San Francisco,0,UK,2024-01-28 21:00:00,1
40.4024157176853,26,134367,295.298132291029,Flash Deal,New York,0,France,2024-01-28 22:00:00,1
83.8059254775855,54,30258,248.285718499185,New Launch,Los Angeles,1,Germany,2024-01-28 23:00:00,0
34.8140247396985,37,77775,263.446230426167,Sale Discount,San Francisco,0,France,2024-01-29 00:00:00,1
61.4706833742153,43,101580,110.494282579261,New Launch,San Francisco,1,USA,2024-01-29 01:00:00,0
54.6238096193797,46,114947,290.1567438783,Limited Offer,Houston,0,France,2024-01-29 02:00:00,1
88.9427170145164,18,25469,99.2314261133571,Flash Deal,Chicago,1,Canada,2024-01-29 03:00:00,0
36.7223341300831,52,48854,287.857452590458,Limited Offer,New York,1,Germany,2024-01-29 04:00:00,1
53.8713359427445,23,26256,298.704823491488,Sale Discount,New York,1,Canada,2024-01-29 05:00:00,1
88.1682259965221,54,144086,227.930701436512,New Launch,Houston,1,USA,2024-01-29 06:00:00,1
81.9304275536388,22,96256,295.285932947956,Limited Offer,Houston,1,Germany,2024-01-29 07:00:00,0
79.0243242569568,50,53937,192.384944891776,Limited Offer,Chicago,0,UK,2024-01-29 08:00:00,0
45.4741696226964,66,119134,114.885445794023,New Launch,Chicago,0,France,2024-01-29 09:00:00,0
40.253255243404,68,21651,159.248971416405,New Launch,San Francisco,1,Canada,2024-01-29 10:00:00,1
70.1185931954659,31,70288,198.390233844697,Flash Deal,Los Angeles,1,USA,2024-01-29 11:00:00,0
85.7625593476552,29,104730,68.2703905067538,Limited Offer,Chicago,1,UK,2024-01-29 12:00:00,0
63.4057735808358,59,45051,205.585816154312,Limited Offer,Houston,0,France,2024-01-29 13:00:00,0
64.296761368194,37,47386,295.294459190574,Sale Discount,Chicago,1,UK,2024-01-29 14:00:00,0
46.7987456196171,67,95054,97.5269124459319,Flash Deal,New York,1,France,2024-01-29 15:00:00,0
76.1695759915162,41,131562,248.148779072096,Sale Discount,Los Angeles,1,Germany,2024-01-29 16:00:00,0
41.2226249134514,60,36184,276.974698444905,Limited Offer,San Francisco,1,UK,2024-01-29 17:00:00,0
49.4207541842546,51,53787,285.925398205055,Sale Discount,New York,0,UK,2024-01-29 18:00:00,0
55.526186316985,42,41621,290.033901101362,Limited Offer,New York,1,UK,2024-01-29 19:00:00,0
60.4566227210673,67,95564,180.364909680368,Limited Offer,Los Angeles,1,Germany,2024-01-29 20:00:00,0
44.5445839449048,46,97984,294.326976997876,Sale Discount,San Francisco,0,USA,2024-01-29 21:00:00,1
36.8902094843522,56,79792,239.32755178361,Sale Discount,Houston,1,France,2024-01-29 22:00:00,1
66.637202546498,48,65253,90.4178590592405,New Launch,San Francisco,1,UK,2024-01-29 23:00:00,0
47.3178331944153,64,54051,169.225026616993,New Launch,Chicago,0,Germany,2024-01-30 00:00:00,1
64.8742932853567,60,69811,229.582793843001,New Launch,New York,0,USA,2024-01-30 01:00:00,1
39.2617629164521,67,50447,111.835078954771,Limited Offer,Chicago,0,France,2024-01-30 02:00:00,0
58.8684061112891,40,148046,210.153795887222,Sale Discount,Houston,1,Germany,2024-01-30 03:00:00,0
61.9553659530952,61,103930,216.650119761655,Flash Deal,Chicago,1,France,2024-01-30 04:00:00,0
33.1094122093456,55,143278,90.6749359521415,Limited Offer,San Francisco,0,UK,2024-01-30 05:00:00,1
50.1962566916352,37,120037,191.271328113189,Flash Deal,Chicago,0,USA,2024-01-30 06:00:00,0
38.0648806163385,40,50254,242.906727744652,Sale Discount,Houston,0,Germany,2024-01-30 07:00:00,1
33.8024982283661,62,104045,174.723916133986,Limited Offer,Houston,1,USA,2024-01-30 08:00:00,0
89.3976139433967,69,136859,53.0257791940269,Flash Deal,Houston,1,UK,2024-01-30 09:00:00,1
49.3412306984834,33,77418,52.2596172698231,Flash Deal,San Francisco,0,USA,2024-01-30 10:00:00,1
78.5924667512781,67,134534,139.257335992503,New Launch,Houston,1,USA,2024-01-30 11:00:00,0
45.2784392858258,59,34472,281.548517107946,New Launch,New York,0,Canada,2024-01-30 12:00:00,0
70.8901633334358,25,131193,107.169194900902,New Launch,Houston,1,USA,2024-01-30 13:00:00,1
75.6136715933812,67,23471,208.590922217922,Limited Offer,Chicago,1,France,2024-01-30 14:00:00,1
65.7383244364707,38,127332,105.51896767333,Sale Discount,Chicago,1,Germany,2024-01-30 15:00:00,0
58.2945713130095,18,140312,130.417497414887,Sale Discount,Chicago,1,Canada,2024-01-30 16:00:00,0
54.7104548488361,25,143379,262.010522400371,New Launch,San Francisco,0,Germany,2024-01-30 17:00:00,1
50.9320959925797,46,115804,232.215360567487,New Launch,Chicago,1,Germany,2024-01-30 18:00:00,0
85.7717486548696,49,28329,73.8498193283027,New Launch,San Francisco,1,UK,2024-01-30 19:00:00,1
79.8371644672638,55,54865,157.175505246608,Flash Deal,San Francisco,0,UK,2024-01-30 20:00:00,0
87.9016146399908,22,66850,57.2924409113161,New Launch,Houston,1,Canada,2024-01-30 21:00:00,0
37.4578334091327,64,74220,170.222536650752,Flash Deal,New York,0,UK,2024-01-30 22:00:00,0
73.8520485122187,39,132234,215.608502925267,Sale Discount,Houston,0,UK,2024-01-30 23:00:00,1
86.3004274092623,64,113808,79.6256558995379,Limited Offer,Houston,1,UK,2024-01-31 00:00:00,0
40.8739839699396,51,128381,122.221234727291,Limited Offer,San Francisco,1,Germany,2024-01-31 01:00:00,1
33.9897760420067,18,26397,149.459156375539,Limited Offer,San Francisco,0,Canada,2024-01-31 02:00:00,0
74.4672389574035,43,117909,279.882756164012,Limited Offer,Chicago,0,Germany,2024-01-31 03:00:00,1
64.4683867907947,60,149004,298.313753855741,Flash Deal,Chicago,0,France,2024-01-31 04:00:00,1
80.5097266054963,27,55525,61.227824748904,Flash Deal,Houston,1,Germany,2024-01-31 05:00:00,0
38.3863425975774,47,73072,240.251980873848,New Launch,Los Angeles,0,France,2024-01-31 06:00:00,1
77.7160387115934,67,110106,142.931016600586,Flash Deal,Los Angeles,0,USA,2024-01-31 07:00:00,1
42.0976392028647,35,103820,148.11454655737,New Launch,Chicago,0,USA,2024-01-31 08:00:00,1
39.8193565719423,34,104530,238.566243336756,New Launch,Los Angeles,1,France,2024-01-31 09:00:00,1
39.8559478758596,43,43284,279.606608036352,Limited Offer,Chicago,0,France,2024-01-31 10:00:00,0
78.8744832138829,25,81330,287.732148625637,Flash Deal,San Francisco,1,Germany,2024-01-31 11:00:00,0
69.911833241772,64,103369,194.28064650958,Flash Deal,Houston,1,France,2024-01-31 12:00:00,0
61.3839254861472,57,45122,139.280289825126,New Launch,New York,0,Canada,2024-01-31 13:00:00,1
51.5298290474102,66,90553,246.887271464695,New Launch,Houston,1,USA,2024-01-31 14:00:00,1
82.6320324487865,29,101906,112.750345815575,Sale Discount,Chicago,0,USA,2024-01-31 15:00:00,0
53.5467064453581,44,114788,191.018507208379,Sale Discount,Chicago,1,France,2024-01-31 16:00:00,0
78.9959663682946,25,82812,139.644615381218,New Launch,Houston,1,UK,2024-01-31 17:00:00,1
56.3480945142131,42,27999,214.157768426969,Sale Discount,Chicago,0,UK,2024-01-31 18:00:00,0
52.6166657654945,63,42436,110.099728223377,Sale Discount,Los Angeles,0,France,2024-01-31 19:00:00,0
57.7607871401764,21,62963,97.8982364337064,New Launch,Los Angeles,0,Canada,2024-01-31 20:00:00,1
48.0826724498485,50,22096,279.559771668859,New Launch,Chicago,1,UK,2024-01-31 21:00:00,0
74.8565628105751,18,149940,75.4509207373842,Flash Deal,Chicago,1,France,2024-01-31 22:00:00,1
60.1632234055488,36,133737,176.489476933733,New Launch,Los Angeles,0,Canada,2024-01-31 23:00:00,0
43.932761708809,48,45279,105.213195740752,New Launch,Chicago,0,Canada,2024-02-01 00:00:00,1
83.9744743964741,33,141092,59.7324908314169,Limited Offer,Chicago,1,Germany,2024-02-01 01:00:00,1
53.0334732823927,31,128899,59.0047045728566,Flash Deal,Houston,1,Canada,2024-02-01 02:00:00,1
62.6131716668393,65,134245,93.8054430264568,Flash Deal,New York,1,UK,2024-02-01 03:00:00,1
84.3883266578728,22,46201,266.6925886265,Flash Deal,Los Angeles,0,UK,2024-02-01 04:00:00,1
67.4542797548395,58,39715,120.619685994257,Limited Offer,Houston,1,France,2024-02-01 05:00:00,0
37.0138824425019,43,49309,287.614792643824,New Launch,New York,0,France,2024-02-01 06:00:00,0
86.3899274168085,45,35078,195.405573247298,Flash Deal,Chicago,1,Canada,2024-02-01 07:00:00,0
67.6624831842851,19,76614,159.153547442192,Flash Deal,Chicago,1,USA,2024-02-01 08:00:00,1
50.0943368794252,67,25105,195.022208667364,Sale Discount,Houston,0,Germany,2024-02-01 09:00:00,0
38.3563243598032,23,137666,179.174596306567,Flash Deal,Chicago,0,USA,2024-02-01 10:00:00,1
77.6415113562178,26,114848,239.694063439331,New Launch,San Francisco,0,Canada,2024-02-01 11:00:00,1
67.2043653557108,50,22839,120.624016493213,New Launch,Houston,1,Canada,2024-02-01 12:00:00,0
62.0076655185793,58,88920,138.262597900076,Sale Discount,New York,1,USA,2024-02-01 13:00:00,1
83.6335549830575,42,63619,273.523575633313,Flash Deal,Houston,1,Germany,2024-02-01 14:00:00,0
77.3158326734719,65,62821,286.614128287601,Flash Deal,Los Angeles,0,USA,2024-02-01 15:00:00,1
39.1004927839651,30,145736,273.139556871619,Flash Deal,Houston,1,France,2024-02-01 16:00:00,1
48.7033240677329,26,33493,154.861998489328,Limited Offer,Chicago,0,UK,2024-02-01 17:00:00,0
44.9093483888679,30,37069,245.09137575172,Flash Deal,Chicago,0,France,2024-02-01 18:00:00,1
74.6367775543606,48,132443,169.083933325275,New Launch,San Francisco,0,UK,2024-02-01 19:00:00,0
32.0119460841468,58,27531,174.384963036526,New Launch,San Francisco,1,Canada,2024-02-01 20:00:00,1
64.193381092279,28,57051,101.170027264321,Limited Offer,San Francisco,1,Germany,2024-02-01 21:00:00,0
75.7475211444414,21,27736,197.782575814629,Limited Offer,New York,0,USA,2024-02-01 22:00:00,1
82.605938205705,51,27710,96.533974438337,Flash Deal,San Francisco,1,Germany,2024-02-01 23:00:00,0
50.5249049229545,55,87155,132.891174766798,Sale Discount,New York,0,USA,2024-02-02 00:00:00,0
79.2754382803208,63,33975,263.757550404984,Limited Offer,San Francisco,0,France,2024-02-02 01:00:00,1
36.6379042173124,21,82424,101.768952302714,Limited Offer,New York,1,France,2024-02-02 02:00:00,0
80.7871375040711,55,65603,67.7895712933582,Flash Deal,Houston,0,USA,2024-02-02 03:00:00,1
37.6493197399189,36,43252,67.2518981532041,Flash Deal,Houston,0,Germany,2024-02-02 04:00:00,1
53.837237433622,23,100797,285.196130125777,Limited Offer,Chicago,1,USA,2024-02-02 05:00:00,0
77.8377219467732,51,21431,176.730109490459,Sale Discount,New York,0,Canada,2024-02-02 06:00:00,0
38.9950456409264,35,94603,152.353017954255,Limited Offer,Los Angeles,0,France,2024-02-02 07:00:00,0
43.7550837139585,30,57481,252.71964525198,Flash Deal,Chicago,0,Canada,2024-02-02 08:00:00,0
73.335154103584,58,112573,258.956481977629,Flash Deal,Houston,0,France,2024-02-02 09:00:00,0
73.2021921927645,40,29557,133.047758278901,Limited Offer,New York,0,France,2024-02-02 10:00:00,1
68.4688579731178,36,94971,223.404514368449,Sale Discount,San Francisco,0,UK,2024-02-02 11:00:00,0
71.636906668026,62,123302,242.780703962972,Limited Offer,Los Angeles,0,Canada,2024-02-02 12:00:00,1
62.5634666008558,28,20162,213.662671716489,Limited Offer,Houston,1,Canada,2024-02-02 13:00:00,0
45.1079435344172,18,54742,87.8987687000249,Flash Deal,Chicago,1,UK,2024-02-02 14:00:00,0
50.7417596102352,41,39675,268.970770879264,Sale Discount,New York,0,Germany,2024-02-02 15:00:00,0
40.8958630080855,24,93997,184.773638184002,New Launch,Los Angeles,0,Canada,2024-02-02 16:00:00,1
84.5070336800177,42,37015,120.618106592501,Sale Discount,New York,1,USA,2024-02-02 17:00:00,0
65.0035076859672,38,70057,156.307046359424,Limited Offer,San Francisco,1,UK,2024-02-02 18:00:00,1
54.0510850058184,32,52591,59.3927725997269,Limited Offer,Chicago,1,Canada,2024-02-02 19:00:00,1
57.720348218648,18,113583,81.9667003056044,Limited Offer,New York,1,Germany,2024-02-02 20:00:00,1
86.8370003767089,29,146133,241.386687628965,Sale Discount,Houston,1,Canada,2024-02-02 21:00:00,0
39.2010841869648,24,120318,50.0029086888415,Flash Deal,Chicago,0,France,2024-02-02 22:00:00,1
65.1737899210078,32,29833,154.141457120573,Limited Offer,Houston,1,USA,2024-02-02 23:00:00,0
60.353320733068,38,27896,180.627545271397,Limited Offer,New York,1,UK,2024-02-03 00:00:00,1
66.6872541260789,36,52972,63.6586050002431,Sale Discount,Chicago,1,France,2024-02-03 01:00:00,0
31.0866110292504,46,69733,293.269540743083,New Launch,Houston,0,Germany,2024-02-03 02:00:00,1
82.3274345366491,42,140363,106.531332812418,New Launch,San Francisco,0,France,2024-02-03 03:00:00,0
85.9270969490167,50,61800,126.04967990907,Flash Deal,San Francisco,0,France,2024-02-03 04:00:00,0
63.9079910153525,66,116044,125.985628063757,Flash Deal,New York,0,Germany,2024-02-03 05:00:00,0
71.7990494326135,49,25347,107.604165529338,Limited Offer,Chicago,0,France,2024-02-03 06:00:00,1
85.3499628706377,66,79063,50.3684555215779,Sale Discount,Los Angeles,0,UK,2024-02-03 07:00:00,1
72.4343180588039,52,115850,232.336198521999,Limited Offer,Chicago,1,Canada,2024-02-03 08:00:00,0
39.1523425748557,61,22643,291.711374949821,Flash Deal,San Francisco,0,France,2024-02-03 09:00:00,1
64.5773016100088,55,60785,106.073370821261,Sale Discount,Houston,0,UK,2024-02-03 10:00:00,1
66.4029027829714,43,38681,215.761797950856,Sale Discount,Los Angeles,1,Canada,2024-02-03 11:00:00,1
55.4478402781432,28,70026,235.474081739679,Flash Deal,New York,0,Canada,2024-02-03 12:00:00,1
74.1866541374834,52,123864,262.106344772631,New Launch,Los Angeles,1,France,2024-02-03 13:00:00,1
86.0620208861409,25,35892,155.657299253402,New Launch,New York,1,UK,2024-02-03 14:00:00,1
85.5341107744066,63,67299,125.732726410107,Sale Discount,Los Angeles,0,France,2024-02-03 15:00:00,1
57.0503622842479,31,37073,131.323783505758,Limited Offer,New York,1,Germany,2024-02-03 16:00:00,0
36.7942827504453,27,122304,228.155333274628,New Launch,New York,1,Canada,2024-02-03 17:00:00,0
89.0904719377401,19,50682,254.194866626409,Limited Offer,Los Angeles,1,France,2024-02-03 18:00:00,1
80.3338851867561,63,117798,95.4034919391507,New Launch,Los Angeles,1,Canada,2024-02-03 19:00:00,0
37.479760872196,26,146021,142.735252039441,New Launch,New York,0,UK,2024-02-03 20:00:00,0
85.2505129570423,20,116894,275.485049187288,Limited Offer,San Francisco,1,USA,2024-02-03 21:00:00,0
82.1937817237277,38,144302,251.673379923685,Flash Deal,Los Angeles,0,France,2024-02-03 22:00:00,1
61.1302834275643,43,34289,296.214600690619,New Launch,Chicago,1,France,2024-02-03 23:00:00,1
65.4765261446958,25,135359,238.56206492052,New Launch,Houston,1,Canada,2024-02-04 00:00:00,1
53.9401622322078,65,27927,148.298800256981,Limited Offer,New York,1,UK,2024-02-04 01:00:00,1
33.2856983293219,19,68330,197.659458498659,Flash Deal,New York,0,Germany,2024-02-04 02:00:00,1
50.1118344987541,23,86707,215.25356356183,New Launch,Houston,0,UK,2024-02-04 03:00:00,0
78.1712069158807,45,140279,69.613954079281,New Launch,San Francisco,0,France,2024-02-04 04:00:00,1
30.2779213802762,46,97454,186.124239775966,Flash Deal,Houston,1,Germany,2024-02-04 05:00:00,0
50.0099503014687,43,127439,227.330207118152,New Launch,Los Angeles,1,UK,2024-02-04 06:00:00,1
53.8901216154566,42,124646,91.8303260002651,Flash Deal,Houston,1,USA,2024-02-04 07:00:00,0
62.2437361762754,29,85428,245.157929356389,Flash Deal,New York,1,Canada,2024-02-04 08:00:00,1
85.1913369847656,22,70601,195.943195128528,Limited Offer,Houston,0,UK,2024-02-04 09:00:00,1
50.7807596619577,51,97465,288.055446424399,Sale Discount,Chicago,1,UK,2024-02-04 10:00:00,1
50.8171921137737,65,22539,60.6055745517229,Flash Deal,Los Angeles,0,USA,2024-02-04 11:00:00,1
74.2500748865849,54,122263,116.331534388867,Limited Offer,Houston,1,France,2024-02-04 12:00:00,1
57.1330764533884,32,131487,200.388469824956,Sale Discount,New York,0,Canada,2024-02-04 13:00:00,1
43.4762893763989,61,42669,124.139978051483,New Launch,Los Angeles,0,UK,2024-02-04 14:00:00,0
57.1463709679616,53,90968,228.606041017811,Sale Discount,New York,1,Germany,2024-02-04 15:00:00,1
38.451421222788,32,40644,239.751320630483,Flash Deal,San Francisco,1,UK,2024-02-04 16:00:00,0
40.5832191903734,60,38745,75.6289910166186,Flash Deal,Chicago,0,Canada,2024-02-04 17:00:00,1
59.9020663643688,65,140852,178.463616051692,Flash Deal,San Francisco,1,UK,2024-02-04 18:00:00,0
55.1355269702729,40,148081,177.222638897764,Flash Deal,Chicago,1,USA,2024-02-04 19:00:00,0
84.890754064086,23,48228,142.320192553885,Flash Deal,Houston,0,UK,2024-02-04 20:00:00,0
51.743633946998,63,138358,283.231215642418,Limited Offer,Los Angeles,0,UK,2024-02-04 21:00:00,0
64.8353010166826,67,54521,256.876579968305,Flash Deal,Houston,0,Germany,2024-02-04 22:00:00,0
67.9358572751718,61,142788,224.302345477409,Limited Offer,Chicago,0,USA,2024-02-04 23:00:00,0
30.7856673953,60,117239,228.581658933749,New Launch,Chicago,1,USA,2024-02-05 00:00:00,1
69.8122423210026,62,46928,165.42903595328,Flash Deal,Chicago,0,UK,2024-02-05 01:00:00,0
40.6821580121851,38,38322,280.248630274144,Flash Deal,New York,0,Germany,2024-02-05 02:00:00,1
87.6642190481673,40,77714,223.648856813321,Sale Discount,Los Angeles,0,UK,2024-02-05 03:00:00,1
38.9197636651868,60,107896,232.245265413954,New Launch,Houston,1,UK,2024-02-05 04:00:00,0
54.8774474236214,33,82292,265.422725946836,Flash Deal,Houston,0,Canada,2024-02-05 05:00:00,0
35.1209800847186,64,49055,118.517897335548,Flash Deal,San Francisco,1,Canada,2024-02-05 06:00:00,1
89.8124551107568,32,62891,251.767725966676,New Launch,Chicago,0,Germany,2024-02-05 07:00:00,0
60.1317006198746,42,101912,98.810150739123,Limited Offer,Chicago,0,France,2024-02-05 08:00:00,0
65.7231010392026,53,26588,136.335488061222,Flash Deal,Chicago,1,Canada,2024-02-05 09:00:00,0
34.0245886433057,28,110536,133.902613567461,Sale Discount,Houston,0,France,2024-02-05 10:00:00,0
74.9976282239507,68,26304,294.631367097285,Flash Deal,San Francisco,0,USA,2024-02-05 11:00:00,0
42.5943355857351,32,27345,264.134305936982,Sale Discount,New York,1,Canada,2024-02-05 12:00:00,0
83.8832573664428,21,49300,225.292465397565,Sale Discount,Los Angeles,0,Canada,2024-02-05 13:00:00,0
42.3083784289204,38,44259,231.764190403848,Flash Deal,New York,0,Germany,2024-02-05 14:00:00,1
41.44126323982,30,111006,190.518198600643,Flash Deal,Houston,0,France,2024-02-05 15:00:00,0
32.1929800708857,39,108553,286.77266677713,Sale Discount,Chicago,0,Canada,2024-02-05 16:00:00,1
58.3240167066,36,35352,174.06468822059,New Launch,Los Angeles,1,Canada,2024-02-05 17:00:00,1
63.890467995757,51,149350,145.129427467474,New Launch,Houston,0,Germany,2024-02-05 18:00:00,1
33.9425183657011,31,53365,90.7588342328978,Flash Deal,Houston,1,Germany,2024-02-05 19:00:00,1
76.5316570017006,21,39446,246.551413065265,Limited Offer,Houston,0,France,2024-02-05 20:00:00,0
57.1973300848817,65,22336,233.610983018898,New Launch,Los Angeles,1,USA,2024-02-05 21:00:00,1
61.4634161596548,69,82032,146.088759631034,Flash Deal,Los Angeles,0,USA,2024-02-05 22:00:00,1
56.4457648162937,63,95415,56.2983534898073,New Launch,San Francisco,1,UK,2024-02-05 23:00:00,1
54.0457836525196,44,117852,259.749331929503,Limited Offer,San Francisco,0,Canada,2024-02-06 00:00:00,1
63.5784198784931,46,118876,52.8544958635184,Flash Deal,New York,1,France,2024-02-06 01:00:00,1
39.3144147558428,64,27521,225.924944907263,Limited Offer,Los Angeles,1,Canada,2024-02-06 02:00:00,0
40.9156878297163,45,91707,292.564277431514,Flash Deal,Los Angeles,0,France,2024-02-06 03:00:00,0
81.707137260811,52,43481,159.415332037051,Limited Offer,Los Angeles,1,France,2024-02-06 04:00:00,1
86.766927728018,25,38474,108.743351248988,New Launch,San Francisco,0,France,2024-02-06 05:00:00,0
52.3985589767852,33,66760,226.217752510845,New Launch,Houston,0,Canada,2024-02-06 06:00:00,0
46.2446803886132,59,75718,254.282035503896,Limited Offer,Chicago,0,Germany,2024-02-06 07:00:00,1
68.639972594341,53,64629,186.607579019462,Limited Offer,San Francisco,0,Canada,2024-02-06 08:00:00,1
54.5240502658858,47,65232,291.758818814037,Limited Offer,Los Angeles,0,France,2024-02-06 09:00:00,1
31.5231813396207,35,106544,62.9171804144903,Flash Deal,San Francisco,1,UK,2024-02-06 10:00:00,0
39.3691558419714,19,87169,176.198899576132,New Launch,New York,0,USA,2024-02-06 11:00:00,1
72.9583337308439,66,147941,229.613486830638,Flash Deal,Los Angeles,0,France,2024-02-06 12:00:00,0
69.5354365146091,30,70669,265.660117787295,New Launch,New York,0,UK,2024-02-06 13:00:00,0
31.625759550209,21,98021,94.8139029769475,Sale Discount,Los Angeles,0,Germany,2024-02-06 14:00:00,0
43.318329715977,43,129153,250.00087044092,Flash Deal,San Francisco,0,France,2024-02-06 15:00:00,1
43.8644877952843,42,89184,188.176768929636,New Launch,Houston,0,UK,2024-02-06 16:00:00,0
70.3135646159237,47,67945,149.138420497491,New Launch,Chicago,1,France,2024-02-06 17:00:00,1
31.1826322652619,28,33140,82.9287571447734,Flash Deal,New York,1,Canada,2024-02-06 18:00:00,1
36.2465149190744,24,146468,266.323939727228,Flash Deal,San Francisco,0,UK,2024-02-06 19:00:00,1
77.9949651223914,48,103457,89.3183020449288,New Launch,Houston,1,Canada,2024-02-06 20:00:00,1
40.71267972326,61,34357,127.446964802275,Flash Deal,San Francisco,0,Canada,2024-02-06 21:00:00,1
69.1647664711125,27,131672,122.511382990609,Limited Offer,New York,0,UK,2024-02-06 22:00:00,0
44.2909668628036,56,88673,267.853508547714,Flash Deal,Chicago,0,USA,2024-02-06 23:00:00,0
35.9664835655607,30,141673,218.175748552225,Flash Deal,San Francisco,0,UK,2024-02-07 00:00:00,0
44.5903314599673,48,85633,249.170349297843,Flash Deal,Los Angeles,0,USA,2024-02-07 01:00:00,0
73.3360159113396,24,96943,112.616974698125,New Launch,Houston,1,France,2024-02-07 02:00:00,0
81.3417880863771,66,116111,206.21852490175,Limited Offer,San Francisco,1,France,2024-02-07 03:00:00,1
79.8131918740195,59,98258,192.936495785937,Sale Discount,Houston,1,UK,2024-02-07 04:00:00,1
53.8310117771073,59,32924,258.207594197068,Sale Discount,Los Angeles,1,France,2024-02-07 05:00:00,0
70.0851081942388,53,89286,276.521765120315,Limited Offer,Chicago,0,Germany,2024-02-07 06:00:00,0
42.2990577249493,37,113269,53.0391928693467,Limited Offer,Chicago,1,Canada,2024-02-07 07:00:00,0
47.5888638156608,21,147563,218.504979764698,Limited Offer,Los Angeles,0,Canada,2024-02-07 08:00:00,1
83.7801491112672,24,94071,62.9589497799323,New Launch,Houston,1,USA,2024-02-07 09:00:00,1
30.7801154106442,18,77326,187.214666269339,Sale Discount,San Francisco,1,France,2024-02-07 10:00:00,1
35.1305118512681,61,110023,121.90818226092,Limited Offer,Los Angeles,1,USA,2024-02-07 11:00:00,0
42.4731753087616,62,140101,126.694149880535,New Launch,New York,1,Canada,2024-02-07 12:00:00,0
31.5919322324292,59,50651,138.239625863089,Sale Discount,Houston,0,Canada,2024-02-07 13:00:00,0
40.8861261053878,64,90202,205.323112262403,Flash Deal,Chicago,1,France,2024-02-07 14:00:00,0
64.9824936581815,30,68777,133.512491417192,New Launch,Los Angeles,1,Germany,2024-02-07 15:00:00,1
55.2854730355499,39,36994,233.17476264757,Sale Discount,Chicago,0,Germany,2024-02-07 16:00:00,0
83.5603026646185,38,87263,151.131846393467,New Launch,Houston,0,France,2024-02-07 17:00:00,0
79.0466137043065,39,79634,67.0883000774897,Sale Discount,Chicago,1,France,2024-02-07 18:00:00,0
50.5090411018726,45,120158,245.939960621027,Sale Discount,Los Angeles,0,USA,2024-02-07 19:00:00,1
45.5654060058776,26,30800,121.439581148177,Flash Deal,Houston,0,France,2024-02-07 20:00:00,1
52.781544490036,43,57823,158.191719899816,New Launch,New York,0,Germany,2024-02-07 21:00:00,0
65.4176965508885,26,128575,221.360970805475,Limited Offer,Los Angeles,1,France,2024-02-07 22:00:00,1
46.0838184493726,32,83878,133.114039287178,Flash Deal,San Francisco,0,USA,2024-02-07 23:00:00,1
67.4489344709481,27,38708,64.1464140366789,Flash Deal,Los Angeles,1,USA,2024-02-08 00:00:00,1
54.5646991314744,41,32819,143.480261753203,Sale Discount,Houston,1,USA,2024-02-08 01:00:00,1
63.1228308511188,59,94905,286.112145673576,Limited Offer,Los Angeles,1,USA,2024-02-08 02:00:00,1
56.167591748119,25,83870,210.43359932464,New Launch,New York,1,UK,2024-02-08 03:00:00,0
47.6679455725151,41,29283,217.869787166802,Limited Offer,New York,0,France,2024-02-08 04:00:00,0
86.9071984177294,33,50573,208.07053840941,Limited Offer,San Francisco,1,Canada,2024-02-08 05:00:00,0
75.8163476495857,66,98707,99.7480347398592,Limited Offer,Chicago,0,France,2024-02-08 06:00:00,1
38.4067905459872,43,50933,154.58346602557,Limited Offer,Houston,1,UK,2024-02-08 07:00:00,1
82.1080785538748,44,25774,237.73494959083,Limited Offer,Houston,0,USA,2024-02-08 08:00:00,1
59.2458718949708,54,92055,75.3432243882898,Sale Discount,Chicago,1,UK,2024-02-08 09:00:00,1
83.6731336136455,21,30983,119.463194022428,Sale Discount,New York,0,Germany,2024-02-08 10:00:00,0
77.9913153568389,67,116468,119.079777116463,Flash Deal,New York,1,Germany,2024-02-08 11:00:00,0
55.512810268154,41,116334,158.004731898627,Sale Discount,Los Angeles,1,France,2024-02-08 12:00:00,0
31.3481584992071,36,38133,295.092185235546,Flash Deal,San Francisco,0,France,2024-02-08 13:00:00,0
46.1206415630968,53,145555,66.8756366709555,Flash Deal,San Francisco,1,Canada,2024-02-08 14:00:00,0
62.498052879652,56,34939,179.675248595149,New Launch,San Francisco,1,Canada,2024-02-08 15:00:00,0
68.0086931895689,27,20781,94.8411705030526,Limited Offer,Los Angeles,1,Germany,2024-02-08 16:00:00,1
45.4732611259921,42,134586,292.669136352436,Sale Discount,San Francisco,0,USA,2024-02-08 17:00:00,1
38.3613644443695,35,76700,78.3258761818661,New Launch,Chicago,1,UK,2024-02-08 18:00:00,0
80.0958142079579,36,47624,150.900250590398,Sale Discount,Los Angeles,1,Canada,2024-02-08 19:00:00,1
89.0641308422131,53,26823,234.471246208652,Flash Deal,Chicago,0,Canada,2024-02-08 20:00:00,0
61.5414109381612,27,38489,226.138607006861,Sale Discount,Los Angeles,0,USA,2024-02-08 21:00:00,0
40.3007571508982,50,138555,155.682159223483,Limited Offer,San Francisco,0,USA,2024-02-08 22:00:00,1
46.3384395911621,67,59961,136.63104198818,Flash Deal,Chicago,0,France,2024-02-08 23:00:00,0
31.103440592848,22,139664,149.403094638218,Flash Deal,Chicago,0,UK,2024-02-09 00:00:00,0
84.85792839363,64,49118,116.06906578966,New Launch,Chicago,1,USA,2024-02-09 01:00:00,0
37.0650649734085,66,120417,101.3332346767,Limited Offer,Los Angeles,1,Canada,2024-02-09 02:00:00,1
64.5909885308552,52,101816,170.759924389723,Flash Deal,Houston,1,Canada,2024-02-09 03:00:00,1
46.4433132412324,61,42263,117.133439016902,Limited Offer,San Francisco,0,Germany,2024-02-09 04:00:00,1
63.2506801509476,51,33565,121.865416224313,Sale Discount,Chicago,1,USA,2024-02-09 05:00:00,1
69.0852233011119,50,40354,214.189015868639,Limited Offer,Houston,0,France,2024-02-09 06:00:00,0
79.7845082224321,38,62951,292.134332924973,Flash Deal,San Francisco,0,UK,2024-02-09 07:00:00,1
42.3852763056362,34,111179,200.909300139844,New Launch,San Francisco,1,France,2024-02-09 08:00:00,1
30.6597497195088,39,43648,69.2448667662416,Flash Deal,Chicago,0,Canada,2024-02-09 09:00:00,1
38.2131378041284,65,70729,68.8959034635168,Limited Offer,Chicago,0,France,2024-02-09 10:00:00,0
84.0011185108863,54,61971,287.855805211392,Limited Offer,Los Angeles,1,Canada,2024-02-09 11:00:00,1
82.4334046537509,32,38658,124.322697576833,Flash Deal,Houston,0,Canada,2024-02-09 12:00:00,1
65.8447861302185,52,41253,73.0167465206189,Limited Offer,Houston,0,Canada,2024-02-09 13:00:00,0
66.0310116260192,45,84166,199.761146787595,Sale Discount,Chicago,1,Canada,2024-02-09 14:00:00,0
69.9022004727753,24,68563,205.912194572567,Flash Deal,San Francisco,0,Canada,2024-02-09 15:00:00,0
40.522276717407,49,46390,212.126205029672,New Launch,Chicago,0,Germany,2024-02-09 16:00:00,0
84.8647167554976,28,108664,116.850506964385,Flash Deal,San Francisco,1,France,2024-02-09 17:00:00,1
55.1262314935244,27,71578,53.7776710536188,Sale Discount,San Francisco,1,Germany,2024-02-09 18:00:00,0
52.9883116949699,26,99025,291.253842363618,Sale Discount,Chicago,1,Germany,2024-02-09 19:00:00,1
61.1350623169703,31,123850,112.723261422776,Sale Discount,New York,1,USA,2024-02-09 20:00:00,1
32.8179580065033,30,52658,219.006572013137,Sale Discount,Houston,0,USA,2024-02-09 21:00:00,1
39.9770021253648,42,26852,226.657467469677,Sale Discount,San Francisco,0,USA,2024-02-09 22:00:00,1
74.2820169855822,19,147282,202.501854269871,New Launch,San Francisco,1,UK,2024-02-09 23:00:00,1
34.9679200755076,52,114986,128.226848553412,Limited Offer,New York,0,USA,2024-02-10 00:00:00,0
66.1891265679833,24,22551,117.774063441016,Sale Discount,Los Angeles,0,France,2024-02-10 01:00:00,1
44.7209465808793,38,91947,199.417070675676,Sale Discount,New York,1,Germany,2024-02-10 02:00:00,1
53.3577368425186,35,81001,266.523908402923,Flash Deal,New York,1,France,2024-02-10 03:00:00,1
47.321624206242,20,69159,286.683432230849,New Launch,San Francisco,0,USA,2024-02-10 04:00:00,0
51.340362987897,59,142775,76.4764511009394,New Launch,Houston,1,UK,2024-02-10 05:00:00,1
73.1427543110547,56,71707,88.70715314943,Limited Offer,New York,1,UK,2024-02-10 06:00:00,1
47.8273029373905,58,53243,286.18406469577,New Launch,Los Angeles,1,Germany,2024-02-10 07:00:00,0
63.9842784178138,66,41800,234.133807083698,Flash Deal,Chicago,0,France,2024-02-10 08:00:00,1
58.563024131946,28,95939,270.748456207443,Flash Deal,New York,1,Canada,2024-02-10 09:00:00,1
69.8202699217589,56,77828,100.658158533836,Limited Offer,New York,0,France,2024-02-10 10:00:00,0
86.2097843594855,41,27239,196.896467777351,Flash Deal,Los Angeles,0,USA,2024-02-10 11:00:00,1
73.954325832615,63,26710,225.284898604368,Sale Discount,Houston,0,Canada,2024-02-10 12:00:00,1
42.8964227154454,36,41384,220.027971361743,Sale Discount,New York,1,UK,2024-02-10 13:00:00,1
31.8709881036771,21,41038,152.037922716675,Flash Deal,New York,1,Germany,2024-02-10 14:00:00,1
45.7358426579895,43,60846,53.8487229228271,Limited Offer,Houston,1,Germany,2024-02-10 15:00:00,1
65.7046758420153,55,107983,195.731514201066,New Launch,Los Angeles,1,UK,2024-02-10 16:00:00,0
33.085548809055,59,87821,113.275384794902,Limited Offer,New York,1,USA,2024-02-10 17:00:00,0
59.7819748320742,49,57991,162.563561535723,New Launch,Houston,0,UK,2024-02-10 18:00:00,0
65.8105709350134,56,99057,289.395253770954,Flash Deal,New York,0,USA,2024-02-10 19:00:00,1
50.0546334490177,62,133193,149.758829410609,Flash Deal,Chicago,0,Canada,2024-02-10 20:00:00,1
76.2547322247493,63,26971,259.950401666107,Sale Discount,San Francisco,1,UK,2024-02-10 21:00:00,1
36.3958951880263,53,49139,97.1351514373128,New Launch,Chicago,0,USA,2024-02-10 22:00:00,0
34.5082669041485,57,105445,218.115124506257,Limited Offer,New York,0,Canada,2024-02-10 23:00:00,1
73.6913253722162,54,97067,294.251738609736,Flash Deal,Los Angeles,1,UK,2024-02-11 00:00:00,1
59.7294789723719,50,100257,75.4732752182342,Limited Offer,San Francisco,1,Germany,2024-02-11 01:00:00,1
71.3041437856642,53,104742,52.079985556798,Sale Discount,Chicago,0,UK,2024-02-11 02:00:00,0
56.0896403162248,20,57711,158.395698158154,New Launch,Houston,0,France,2024-02-11 03:00:00,0
44.7841219943464,26,26530,73.1563707628418,New Launch,Los Angeles,1,UK,2024-02-11 04:00:00,1
79.146139060452,25,31116,237.096087419058,Flash Deal,Chicago,1,France,2024-02-11 05:00:00,1
77.9649527381388,50,85794,278.63716596214,New Launch,Houston,1,Canada,2024-02-11 06:00:00,1
71.6817882512656,23,20282,158.50524317719,Flash Deal,New York,1,UK,2024-02-11 07:00:00,0
46.3287082337978,58,99473,114.67791053886,Sale Discount,Houston,0,Canada,2024-02-11 08:00:00,0
65.4138400121452,56,21898,158.600829751652,New Launch,Chicago,0,Canada,2024-02-11 09:00:00,0
51.6584338164016,21,24135,230.8619544625,Flash Deal,Chicago,1,USA,2024-02-11 10:00:00,1
35.4949243995981,30,26629,52.2635403950928,Limited Offer,New York,0,Canada,2024-02-11 11:00:00,0
85.0388145277346,66,129472,197.363497371174,Flash Deal,Houston,0,Canada,2024-02-11 12:00:00,1
38.2091178551377,19,145147,203.322921221845,New Launch,Houston,1,UK,2024-02-11 13:00:00,1
87.0142412292481,22,105120,209.422061723984,Sale Discount,New York,0,UK,2024-02-11 14:00:00,0
56.7603463774774,61,139798,110.505519995219,New Launch,Houston,0,Germany,2024-02-11 15:00:00,1
